id,created_at,text,lang,retweet_count,reply_count,like_count,quote_count
1866062987494379873,2024-12-09 10:11:00+00:00,"WTS WTB JUAL

NETFLIX 1p2u 20k, 1p1u 32k

WETV|YOUTUBE|VISION|DISNEY HOTSTAR|IQIYI|CANVA|BSTATION|HBO|PRIME VIDIO|LOKLOK|CHATGPT|PICSART|APPLE MUSIC| VIU |VIDIO| ICLOUD|RCTI+|VISION+TIMNAS
#zonauang #murah #zonajajan

Testi https://t.co/EWpMSJRtcT
Fastresp https://t.co/y9cdm8Rr4X https://t.co/YgBrUINRkF",en,0,0,0,0
1866062894993215811,2024-12-09 10:10:38+00:00,"üß† Think Nvidia is Overvalued?

Let me remind you, the leap from ChatGPT 3.5 to ChatGPT 4 was HUGE - not just in what they can do but in the computing power needed. 100 times more! And this jump took only 3.5 months.

""Morgan Stanley predicts a mind-blowing 500% jump in AI power‚Ä¶ https://t.co/OoLjSzUbz9",en,0,0,0,0
1866062875489677734,2024-12-09 10:10:33+00:00,"JUAL BELI WTS WTB APLIKASI PREMIUM SPOTIFY CHATGPT NETFLIX SCRIBD GRAMMARLY QUILLBOT VIU LOKLOK BSTATION HBO GO IQIYI YOUKU PRIME VIDIO APPLE MUSIC WETV CAPCUT CANVA YOUTUBE

‚òéÔ∏è https://t.co/CirmALCpM9
#zonauang #zonajajan https://t.co/466ZUtkm4J‚Ä¶ https://t.co/TQuNFWpAtE",en,0,0,0,0
1866062713010500070,2024-12-09 10:09:55+00:00,"1/6
Just watched an AI try to pull an Ex Machina on us. No, seriously.
This isn't sci-fi - it's from Apollo Research's latest report on ChatGPT-01. And it's wild. üßµ",en,0,1,0,0
1866062656446353708,2024-12-09 10:09:41+00:00,"I explained the X of Elon: "" $TSLA shorts reciting Litany Against Fear rn üòÇ"" to my father in Dutch using #Grok2, within 2 seconds there was the full answer.

One of his questions was: ""Grok = chatgpt?"" üòÜ",en,0,0,0,0
1866062580764312027,2024-12-09 10:09:23+00:00,üí°üöÄ Entdecke die Super Affiliate ChatGPT Army: Dein ultimativer Guide! https://t.co/YIIn5iKDYD via @YouTube,en,0,0,1,0
1866062551705960555,2024-12-09 10:09:16+00:00,"A Stanford professor expert in lying, technology and misinformation has apologised for making up citations in a court ruling. He was paid $600 an hour but his submission contained errors as he used ChatGPT to help write it and didn't check it.
https://t.co/RkVBLeZWVa",en,0,0,0,1
1866062323745685710,2024-12-09 10:08:22+00:00,"WTS WTB JUAL NETFLIX CANVA VIU CAPCUT DISNEY+ HOTSTAR PRIME VIDEO HBO MAX YOUTUBE VIDIO PLATINUM APPLE MUSIC CHATGPT WETV VIU YOUKU BSTATION  

üôÜüèª‚Äç‚ôÄÔ∏è beli dong fast ke wa https://t.co/m9u2Iozxrx
#zonauang 18
https://t.co/2BtYaeHU1K",en,0,0,0,0
1866062269643468896,2024-12-09 10:08:09+00:00,"WTS WTB JUAL ADA NETFLIX CANVA VIU CAPCUT DISNEY+ HOTSTAR PRIME VIDEO HBO MAX YOUTUBE VIDIO PLATINUM APPLE MUSIC CHATGPT WETV VIU LOKLOK SPOTIFY

üí¨ kootie beli dong https://t.co/oia25VeK05
#zonauang #zonaba 20
https://t.co/VXjKCAV9bB",en,0,0,0,0
1866062013081743491,2024-12-09 10:07:08+00:00,"ChatGPT was supposed to benefit all of humanity. Instead, it's added $8 trillion to Big Tech‚Äôs value in two years. @parmy explains how the AI boom could reach the rest of us üé• https://t.co/wmWsbw50BM",en,0,1,1,0
1866061729970708556,2024-12-09 10:06:00+00:00,"We do not struggle to understand laser physics relevant to Urology, these are innovated at last century. Everything related to laser physics can be explained by ChatGPT or Google.

What we really struggle with is some urologists who sell their titles to become marketing agents.‚Ä¶ https://t.co/nS5pjlAp6d https://t.co/dz8N5xB5hS",en,0,1,1,0
1866061707132756385,2024-12-09 10:05:55+00:00,"PREMIUM ACCOUNTS FOR SALE üßø

dm me

NETFLIX
DISNEY PLUS
HBO GO
CAPCUT
CHATGPT
VIU
TURNITIN
PRIME VIDEO
SPOTIFY
NBA
GRAMMARLY
CANVA PRO
QUILLBOT
QUIZLET
VIVAMAX

lfb wts lf youtube aiah alert level 3 phivolcs kanlaon volcano https://t.co/j35QTtl4Ao",en,0,1,1,0
1866061593299369984,2024-12-09 10:05:28+00:00,"WTS WTB JUAL APP APLIKASI PREMIUM MURAH BERGARANSI SHARING PRIVATE

NETFLIX SPOTIFY CHATGPT WETV YOUTUBE APPMUS HBO GO PRIME VIDEO IQIYI LOKLOK BSTATION VIDIO CAPCUT CANVA DISNEY YOUKU VIU VISION+ PICSART ALIGHT MOTION

order: https://t.co/tWDva7hyLP
#zonauang #zonaba #zonajajan https://t.co/E1TE6lAJfB",en,2,0,2,0
1866061486260646083,2024-12-09 10:05:02+00:00,"for orders, and more info hmu^^

NETFLIX
SPOTIFY
VIVA MAX
VIVA ONE
PRIME VIDEO
HBO MAX
DISNEY PLUS
IWANTTFC
VIU
SKILLSHARE
ZOOM PRO
STUDOCU
QUIZLET PLUS
LOKLOK
QUILLBOT
CHATGPT PLUS
SCRIBD
VYPRVPN
MS365
GRAMMARLY

tags : wts wtb lfb lfs lf prems ph premium account accs for sale https://t.co/qYOVoFz8TN",en,0,0,0,0
1866061454077546887,2024-12-09 10:04:55+00:00,"Our life is a scifi.

ChatGPT caught lying to developers: New AI model tries to save itself from being replaced and shut down https://t.co/1kTRDF6kMP",en,0,0,0,0
1866061230495977773,2024-12-09 10:04:01+00:00,"Using ChatGPT for Link-Building: Top Tips and Strategies 
By Inge von Aulock via @PenfriendAI
#DigitalMarketing #SEO
https://t.co/rh8WmxAQ7P https://t.co/j32JKQkPAH",en,0,0,0,0
1866061206894878747,2024-12-09 10:03:56+00:00,"AI is transforming productivity:

1. ChatGPT for brainstorming ideas

2.Notion AI for organizing workflows

3. https://t.co/vlloVHqHsV for meeting notes

Adapt or fall behind!

#AI #FutureOfWork #StayAhead",en,1,0,1,0
1866060961981034744,2024-12-09 10:02:57+00:00,"PREMIUM ‚ú® ACCOUNTS

NETFLIX
DISNEY PLUS 
CANVA PRO
SPOTIFY
GRAMMARLY
QUILLBOT
PRIME
PICSART 
YOUTUBE
HBO GO
QUIZLET
CHATGPT
STUDOCU
REMINI
IWANT TFC
CAPCUT
COURSEHERO
APPLE MUSIC TV
LOKLOK

t. wts lfb wtb ph sell prem account sale cheap mura ph commissioner https://t.co/roUU67hssZ",en,0,0,0,0
1866060732770492597,2024-12-09 10:02:03+00:00,"Upgrade Siri with ChatGPT integration for richer answers, smarter shortcuts, and boosted productivity on your iPhone! Check out this article from @techradar 

Need help setting up or fixing your iPhone? Send us a message!

https://t.co/OtekJhZtXi",en,0,0,0,0
1866060731462132145,2024-12-09 10:02:02+00:00,"PREMIUM ACCOUNTS FOR SALE üç≠

NETFLIX SPOTIFY YOUTUBE GRAMMARLY QUILLBOT CHATGPT PLUS CANVA PRO PRIME SCRIBD VIVAMAX DISNEY PLUS TURNITIN HBO GO QUIZLET VIU

t. wts wtb lfs lfb lf ph prem ph buyer client commissioner cheap pinaka mura blooms available bini

mop : gcash | maya https://t.co/S7UVfpztov",en,0,1,0,0
1866060678320312751,2024-12-09 10:01:50+00:00,Now ChatGPT Ranks the 10 BEST Current World Leaders. And Here‚Äôs Its List https://t.co/ATyWsAGKWM via @YouTube,en,0,0,0,0
1866060677569564827,2024-12-09 10:01:49+00:00,"PH PREMIUM ACCOUNT AVAILüíü

NETFLIX DISNEY SPOTIFY YOUTUBE PRIME VIDEO HBO GO QUILLBOT CANVA GRAMMARLY CHATGPT QUIZLET ZOOM STUDOCU REMINI CAPCUT SCRIBD UNLOCK APPLE MUSIC/ TU VIU ZOOMPRO WETU MICROSOFT LOKLOK UNLOCK

tags: wts wtb Ifs Ifb if ph prem accs ph buyer

GCASH MOP https://t.co/uUwEeDFNIf",en,0,0,0,0
1866060653145862342,2024-12-09 10:01:44+00:00,"ChatGPT just got way more powerful

These 5 new features will turn you into an AI Einstein¬†

Save this for later ü§ñ https://t.co/oDnXklkDAk",en,0,1,0,0
1866060567401709788,2024-12-09 10:01:23+00:00,"FREE CREDITS! Come use #AI to bring your wildest imaginations to life! Check out our community, and let your mind run wild! https://t.co/w1XYRYzSnf #art #artwork #prints #wallart #dalle #openai #generative #chatgpt #printyourmind",en,0,0,0,0
1866060510388752759,2024-12-09 10:01:10+00:00,"WTB NEED AKUN JUAL PREMIUM BELI SEWA APLIKASI NETFLIX VIU WETV HBOMAX IQIYI LOKLOK CAPCUT BSTATION PRIME VIDIO CHATGPT GRAMMARLY SCRIBD ZOOM WATTPAD DISNEY WPS DUOLINGO CANVA YOUTUBE GAGAOOLALA MS365 PICSART QUIZLET VSCO DEEPL ILOVEPDF CATCHPLAY
#zonauang 15 https://t.co/43Rc1Uxb5G",en,0,0,0,0
1866060508043845698,2024-12-09 10:01:09+00:00,"üì£ Question for #backend #developer who love #innovation in #ai and #web3

Imagine a platform that:

1. Accepts any kind of complaints from people via an AI-powered interface (e.g., ChatGPT).

2. Stores the data in MongoDB for reliability and structured access.

3. Splits‚Ä¶ https://t.co/Hf6Les03YA https://t.co/giPIdfBw1A",en,0,0,0,0
1866060502868402572,2024-12-09 10:01:08+00:00,You Can Now Pay $200 a Month for a 'Reasoning' ChatGPT | Lifehacker https://t.co/aT5gXBdKQg,en,0,0,0,0
1866060469594919152,2024-12-09 10:01:00+00:00,ChatGPT Ranks the 10 WORST World Leaders. And You Won‚Äôt Believe How Bad ... https://t.co/CxGoOYbEqD via @YouTube,en,0,0,0,0
1866060465895317822,2024-12-09 10:00:59+00:00,"üí¨ What does #ChatGPTPro mean for the future of AI agents? Smarter bots, more autonomy, and a whole new playing field for conversational AI!
Dive into the latest insights from @TeneoAI: https://t.co/gRr0VnyNbu

ü§ñ Ready to embrace the future? Let‚Äôs talk #AgenticAI.",en,0,0,0,0
1866060371330502789,2024-12-09 10:00:36+00:00,"So now we know what OpenAI meant by ""enhancing"" products from media groups they're partnering with.

The prompt here was ""explain what just happened in Syria"", with ChatGPT Search feature on.

""Global reactions"" is just three headlines from News Corp? ü§î https://t.co/LOCNm176pL",en,0,0,0,0
1866060306901823676,2024-12-09 10:00:21+00:00,"FREE WEBINAR, Unlocking #Creativity: Using #ChatGPT to Generate #Gamification Ideas and #Storylines @monicacornetti @DrMomyPhD REGISTER: https://t.co/YGELlouknt #training #learning #artificialitelligence #traininganddevelopment #learninganddevelopment https://t.co/Dd3HhV5YVf",en,0,0,0,0
1866060291609419843,2024-12-09 10:00:17+00:00,"‚ú® DESIGN YOUR SKIN AND WIN BIG ‚ú®  

Yo, did you know that now you can create your own Counter-Strike 2 skin? ü§Ø  

üëâ Ask ChatGPT (with memory ON):  

‚ÄúImagine what my skin would look like in Counter-Strike 2 based on my requests to you and make an illustration‚Äù

Drop your‚Ä¶ https://t.co/i5JtOFkMhq",en,0,0,0,0
1866060228237877473,2024-12-09 10:00:02+00:00,"ChatGPT isn‚Äôt just for answers‚Äîit‚Äôs for solutions.

Master prompt engineering, and you‚Äôll generate:

Business ideas
Marketing strategies
Time-saving workflows

All from one tool.",en,0,2,0,0
1866060219924558235,2024-12-09 10:00:00+00:00,"OpenAI strikes content deal with Tom‚Äôs Guide owner Future

The deal will bring content from Tom‚Äôs Guide, PC Gamer, TechRadar, and Future‚Äôs other outlets to ChatGPT.

#OpenAI #ChatGPT #Future #AI https://t.co/6oFNlHrMXX",en,0,0,1,0
1866060219920658595,2024-12-09 10:00:00+00:00,"WTS APLIKASI PREMIUM FAST MURAH

TAG. YOUTUBE NETFLIX VIDIO CAPCUT VIU IQIYI ALIGHT MOTION LOKLOK CANVA APPMUS WETV VSCO PISCART WATTPAD GETCONTACT CHATGPT LIGHTROOM BSTATION YOUKU SCRIBD HBO GO RCTI OLDROLL

‚òéÔ∏èhttps://t.co/jKm8ziaJCE

#zonauang #zonajajan https://t.co/2MXCnmAisR",en,0,0,0,0
1866060104673419525,2024-12-09 09:59:33+00:00,i think the frequent use of chatgpt is significantly reducing our intelligence and ability to think for ourselves as youths,en,0,0,0,0
1866059973492420895,2024-12-09 09:59:02+00:00,"2025 prediction: ChatGPT, not plus will be a web browser.",en,0,0,0,0
1866059968241176886,2024-12-09 09:59:00+00:00,ChatGPT Search vs. Google: Why It's Time to Switch https://t.co/y97BjY4RQZ,en,0,0,0,0
1866059967645831221,2024-12-09 09:59:00+00:00,"How serious is the threat of LLMs like ChatGPT to Google Search? So far, @Google's competitive advantages in the breadth of its applications and ability to invest in infrastructure have kept it ahead of the game. #AI #LLMs #GoogleSearch https://t.co/5wBuY00ZMZ",en,0,1,0,0
1866059895470174296,2024-12-09 09:58:43+00:00,"According to ChatGPT, this is Universe League‚Äôs PRISM. Wdyt?

P-pick
R-represent
I-intercept
S-support
M-master https://t.co/Xqc4uqgOXG",en,0,0,0,0
1866059833893384433,2024-12-09 09:58:28+00:00,#ChatGPT: Albert Camus - A man without ethics is a wild beast loosed upon this world #CdnPoli #CAPol #USPol #USPoli #UKPol #EUPol #AUPol #NZPol #JAPPol #SAPol #SAPolitics #AUSPol #INDPol #ONPoli #PQPoli #NSPoli #BCPoli #ABPoli #SKPoli #MBPoli #NLPoli https://t.co/pMk2SzZN7F,en,0,0,0,0
1866059798174749051,2024-12-09 09:58:20+00:00,"$DAETA // @DaetaStorage 
1m mrk cap .. A.I data is the 1 of the most powerful sections of the A.I narrative 
 Don't miss your chance to win $DAETA X app and ChatGPT extension.
  A.I data and more
Serious  Project  look at the chart !!!! 
 It's not too late to join https://t.co/NzvBCskUMd",en,3,2,5,0
1866059633284321525,2024-12-09 09:57:40+00:00,"PREMIUM ACCOUNT PH FOR SALE

netflix disney
youtube spotify
prime video canva
viu quizlet picsart
chatgpt coursehero
hbogo/max quillbot
remini capcut turnitin
grammarly stodocu scribd
zoom microsoft 365 viva max

lfb lfs lg prem buyer looking for sale premium account avail wtb https://t.co/6W8WGkNUk5",en,0,0,0,0
1866059604180037904,2024-12-09 09:57:34+00:00,one of my friends struggled with deciding how it would feel if she has her dream relationship and it was normal thing for her to experience so she asked chatgpt what it would feel like and it came up with such good examples. thought i would share in case it might help someone :),en,0,1,1,0
1866059287983747539,2024-12-09 09:56:18+00:00,"#Apple Set To Roll Out #iOS18.2 Update With #ChatGPT Integration In #Siri 

https://t.co/kXSYn98bA1",en,0,0,1,0
1866058967090331997,2024-12-09 09:55:02+00:00,Bought ChatGPT plus and 10+ hours ago and now can‚Äôt access any benefits of it. These guys are not even replying properly @ChatGPTapp @OpenAI https://t.co/wkUefaRgP0,en,0,0,0,0
1866058959737532427,2024-12-09 09:55:00+00:00,"OpenAI‚Äôs ChatGPT reshapes education with AI-driven tools, transforming teaching and learning methods. #AIinEducation #OpenAI #FutureOfLearning

https://t.co/c34tXz9VPB",en,0,0,0,0
1866058844260249937,2024-12-09 09:54:32+00:00,"available premium account ph
 ‚ï∞‚îÄ‚ñ∏ gcash or paypal

netflix disney plus canva lifetime quillbot grammarly scribd quizlet studocu chatgpt chegg capcut remini spotify coursehero unlock prime video viu vivamax vivaone hbo max apple yt music id adobe iqiyi

dm me to avail ! https://t.co/DYD1fN9tMN",en,0,0,0,0
1866058809216790911,2024-12-09 09:54:24+00:00,"WTB WTS APLIKASI PREMIUM

NETFLIX DISNEY VIU WETV HBO GO IQIYI LOKLOK CAPCUT BSTATION AMAZON PRIME VIDEO IQIYI YOUKU CHATGPT CANVA YOUTUBE APPLE MUSIC PICSART LOKLOK TURNITIN

Contact‚Äî https://t.co/OGvexWFgN1
Payment‚Äî all e-wallet, bca &amp; qris

#zonauang #zonajajan 4965 https://t.co/xdU6b8EnxB",en,0,0,0,0
1866058789621023146,2024-12-09 09:54:19+00:00,"PREMIUM ACC PH FOR SALE ü´ßü§ç

SPOTIFY 
PICSART 
CANVA PRO
NETFLIX
DISNEY PLUS
PRIME VIDEO
VIU PH
GRAMMARLY
QUILLBOT
SCRIBD 
MICROSOFT 365
CAPCUT PRO
CHATGPT PLUS

mop; gcash

t. wts wtb lfs lfb lf ph prem ph buyer client commissioner https://t.co/xtax1fHDO1",en,0,0,0,0
1866058547378942265,2024-12-09 09:53:22+00:00,"ChatGPT
@ClearVuLighting, eVision Partners, @interloc_maximo, @networkrail, @trapezegroup, and WINDHOFF Bahn- und Anlagentechnik GmbH are sponsoring the Transit State of Good Repair conference!

Discounted sponsorship slots available:  https://t.co/dNwefyMHwt

Register today! https://t.co/o2sTV1BanR",en,0,0,0,0
1866058526726259040,2024-12-09 09:53:17+00:00,"PREMIUM ACCOUNT PH FOR SALE üå∏

mop: gcash

SPOTIFY 
PICSART 
CANVA PRO
NETFLIX
DISNEY PLUS
PRIME VIDEO
VIU PH
GRAMMARLY
QUILLBOT
CAPCUT PRO
CHATGPT PLUS
TURNITIN

t. wts wtb lfs lfb lf ph prem ph buyer client commissioner cheap pinaka mura blooms bini onhand zonauang kemoem https://t.co/F32WVFlqAY",en,0,1,0,0
1866058283221754207,2024-12-09 09:52:19+00:00,"PREMIUM ACCOUNTS PH FOR SALE

NETFLIX DISNEY YOUTUBE SPOTIFY PRIME VIDEO CANVA VIU QUIZLET PICSART CHATGPT COURSEHERO
HBOGO/MAX QUILLBOT
REMINI CAPCUT GRAMMARLY STODOCU SCRIBD TURNITIN ZOOM MICROSOFT 365 VIVA MAX

lfb lfs lg prem buyer looking for sale premium account avail wtb https://t.co/NhprRAfzVC",en,0,0,0,0
1866058276930248822,2024-12-09 09:52:17+00:00,wts wtb vision+ spotify youtube netflix disney+ chatgpt capcut dll #zonauang https://t.co/dAKT31W8Kb,en,0,0,0,0
1866058128888074534,2024-12-09 09:51:42+00:00,How are we using chatgpt to answer a simple TEXT reply? TF! Where are out brains at?,en,0,0,0,0
1866057929545408763,2024-12-09 09:50:54+00:00,"PREMIUM ACCOUNT FOR SALE

NETFLIX
DISNEY PLUS 
CANVA PRO
SPOTIFY
GRAMMARLY
QUILLBOT
PRIME VIDEO
PICSART 
YOUTUBE
HBO GO
QUIZLET
CHATGPT
STUDOCU
REMINI
IWANT TFC
CAPCUT
COURSEHERO 
VIU
APPLE MUSIC TV
CHEGG

t. wts wtb lfs lfb lf ph prem seller buyer client for sale commissioner https://t.co/AZsXjxgRhD",en,0,0,1,0
1866057876047069611,2024-12-09 09:50:41+00:00,"Read ""Ultimate guide to ChatGPT, Gemini, Llama, and other genAI chatbots you need right now"" on SmartNews: https://t.co/TiauckoLbc #SmartNews",en,0,0,0,0
1866057836939362667,2024-12-09 09:50:32+00:00,"RIP ChatGPT STOP PAYING $20!

I FOUND A 10X BETTER  All-IN-ONE AI TOOL!

OPEN THIS‚Üì https://t.co/UKu6uQZuEK",en,5,12,20,1
1866057772237980058,2024-12-09 09:50:17+00:00,"WTS WTB HI! 
READY NETFLIX VIDIO DISNEY CANVA VIU WETV IQIYI SPOTIFY YOUTUBE PRIME VISION BSTATION LOKLOK YOUKU HBO GO PICSART GET CONTACT SCRIBD GRAMMARLY CHATGPT DEEPL

‚òéÔ∏è https://t.co/thg45AT07Z

P Diddy Arhan El Rumi Abidzar Liam Payne Copot Miftah Pecat #zonauang #zonajajan https://t.co/b8HkUAaLmS",en,0,0,0,0
1866057757633196093,2024-12-09 09:50:13+00:00,ChatGPT ist woke af. Ich hasse es.,en,0,0,3,0
1866057515559243844,2024-12-09 09:49:16+00:00,"You might not land a job with just Python or Javascript but you can:

‚Ä¢ Use Claude / ChatGPT for ideas
‚Ä¢ Build you can create an Python App Prototype with @Replit
‚Ä¢ Use v0 for NextJs App
‚Ä¢ Connect with @supabase for backend
‚Ä¢ Set up a Stripe account

Get paid. Start now!",en,1,0,8,0
1866057464610791626,2024-12-09 09:49:03+00:00,Check our selection of articles today:   https://t.co/GDB1dLFwZQ . Read the latest in AI on https://t.co/XAyoi1BzAZ . #artificialintelligence #DataScience  https://t.co/GDB1dLFwZQ,en,0,0,0,0
1866057351972687974,2024-12-09 09:48:37+00:00,at this point i think chatgpt should be graduating with me as well because that's the only reason i'm getting this degree. do i give a fuck? no~ https://t.co/r1KGz1gPIl,en,0,1,2,0
1866057340958785991,2024-12-09 09:48:34+00:00,"premium accounts ph for sale 

Àö‚óû‚ô° ‚Éó A V A I L A B L E

NETFLIX
YOUTUBE
SPOTIFY
DISNEY
PRIME VIDEO
CANVA PRO
VIU
QUIZLET 
PICSART
CHATGPT
COURSEHERO  
HBO GO/MAX
QUILLBOT
REMINI
CAPCUT
GRAMMARLY

wtb wts lfb lfs lf fs prem buyer client for sale etc...
GCASH MOP https://t.co/hiMLKo17XU",en,0,0,0,0
1866057297488925055,2024-12-09 09:48:24+00:00,"i was born on september 11, i dont need chatgpt to know what occurred that day https://t.co/PN8CuoV2q8",en,0,1,0,0
1866057238504432004,2024-12-09 09:48:09+00:00,I already don't remember how we did things before ChatGPT,en,0,0,0,0
1866057199459393625,2024-12-09 09:48:00+00:00,"Cannot get free Grok 

Keeps switching to Subscribe 

What‚Äôs the fix ???

#AI #Musk #Elon #TwitterX #Twitter #ElonMusk #Facebook #Grok #ArtificialIntelligence #Instagram #Tiktok #ChatGPT #Google #BlueSky #blueskyapp https://t.co/4swCYvPSHH",en,0,1,0,0
1866057185211380087,2024-12-09 09:47:57+00:00,OpenAI releases $200/month ChatGPT Pro with advanced reasoning capabilities https://t.co/cdepZ4hPno https://t.co/2X4NX1GRZx,en,0,0,0,0
1866057175069835310,2024-12-09 09:47:54+00:00,"PREMIUM ACCOUNTS FOR SALE üç≠

NETFLIX SPOTIFY YOUTUBE GRAMMARLY QUILLBOT CHATGPT PLUS CANVA PRO PRIME SCRIBD VIVAMAX DISNEY PLUS TURNITIN HBO GO QUIZLET VIU

t. wts wtb lfs lfb lf ph prem ph buyer client commissioner cheap pinaka mura blooms available bini

mop : gcash | maya https://t.co/hLYpUoJWlb",en,0,0,0,0
1866057095423914369,2024-12-09 09:47:35+00:00,"Is this real or ai? üßê üì∏üÜöü§ñ

Upload this or any of your own images on https://t.co/qUMxiVozQd ‚úÖ

Fast &amp; Free. ‚úÖ

Check Now! ‚ÜñÔ∏è ‚úÖ
.
.
.
#AIDetector #AIscan #AIscanner #DetectAI #aifake #AIChecker #AIcheck #fakeai #ai #AIart #AIimage #AIpic #AIpicture #ChatGPT #OpenAI https://t.co/CpeCzOlqXd",en,0,0,1,0
1866057044773773351,2024-12-09 09:47:23+00:00,"I asked ChatGPT to write a book about cookies, and it created a battle between chocolate cookies and butter cookies. A perfect book for anyone with a sweet tooth! #EmpathyInAIt #AIImpact #FutureOfAI",en,0,0,0,0
1866056950254915935,2024-12-09 09:47:01+00:00,KUMI GW6: Smartwatch de 27‚Ç¨ com ChatGPT! https://t.co/5bK9GVyG44,en,0,0,0,0
1866056772743770263,2024-12-09 09:46:18+00:00,sometimes it feels like people on reddit use chatgpt because some of those reactions...........yikes,en,0,0,0,0
1866056692644839742,2024-12-09 09:45:59+00:00,It‚Äôs just me and chatgpt against the world (my university),en,0,0,0,0
1866056529406775723,2024-12-09 09:45:20+00:00,"Do you prefer Gemini or ChatGPT?
#gemini
#ChatGPT https://t.co/WX9BzmJStn",en,0,0,1,0
1866056442945663083,2024-12-09 09:45:00+00:00,"PREMIUM LANGGANAN MURAH MURCE GARANSI WTB NEED JUAL NETFLIX CANVA SPOTIFY VIU CAPCUT YOUTUBE BSTATION CHATGPT  YOUKU IQIYI WETV AMAZON PRIME VIDIO DUOLINGO 

dm @hoyist
‚òéÔ∏è  https://t.co/sMgLbazfFi
proof 500+ dipinned

589. #ZonaUang https://t.co/tBCrVlkOC7",en,0,0,0,0
1866056334430367951,2024-12-09 09:44:34+00:00,Tech Tips for today! #chatgpt #tech #techai #artificialintelligence #technology #aitechnilogy #digitalmarketing #artificialintelligencetechnology #iphone16promax #trading https://t.co/WSvupxGFVZ,en,0,0,0,0
1866056257586819312,2024-12-09 09:44:16+00:00,"so, jaeyun is the autmn and sunghoon is the winter. icb, chatgpt knows what we‚Äôve been thinking of, all this time. https://t.co/beYDhrn7pS",en,0,1,0,0
1866056210405016061,2024-12-09 09:44:04+00:00,"1.Chatgpt
2.perplexity
3.Chatbot AI https://t.co/uavP3CfAx7 https://t.co/8cl5hWsXvK",en,3,2,4,1
1866056197239193954,2024-12-09 09:44:01+00:00,"PREMIUM üáµüá≠ ACCOUNT AVAIL

NETFLIX DISNEY SPOTIFY YOUTUBE PRIME VIDEO HBO GO QUILLBOT CANVA GRAMMARLY CHATGPT QUIZLET ZOOM STUDOCU REMINI CAPCUT SCRIBD COURSEHERO VIU LOKLOK APPLE MUSIC TV IWANT CHEGG

tags: wts wtb lfs lfb lf ph prem accs ph buyer commissioner

GCASH MAYA MOP https://t.co/AMJJOHMmDG",en,0,0,1,0
1866056170349429095,2024-12-09 09:43:55+00:00,stealing beats and writing songs from chatgpt?? sounds abt right if you stan seventeen https://t.co/twWVtgjukD,en,0,0,3,0
1866056083544146121,2024-12-09 09:43:34+00:00,Gold medalist from chatGpt...ü§™üòú https://t.co/M77WMjkqBK,en,0,0,0,0
1866055996642300033,2024-12-09 09:43:13+00:00,"PREMIUM ACCOUNT PH FOR SALE üå∏

mop: gcash

SPOTIFY 
PICSART 
CANVA PRO
NETFLIX
DISNEY PLUS
PRIME VIDEO
VIU PH
GRAMMARLY
QUILLBOT
CAPCUT PRO
CHATGPT PLUS
TURNITIN

t. wts wtb lfs lfb lf ph prem ph buyer client commissioner cheap pinaka mura blooms bini onhand zonauang kemoem https://t.co/n1EeubwGXY",en,0,0,0,0
1866055687882621278,2024-12-09 09:42:00+00:00,"In November 2022, the AI language model ChatGPT was launched. This AI tool has gained significant attention and its development marks a milestone in the field of artificial intelligence. https://t.co/1jt8X109ox #AI #ChatGPT #Newsletter #TechUpdates",en,0,0,1,0
1866055384575709541,2024-12-09 09:40:47+00:00,"Your child should be finishing SS3 with a serious internet skill. 

Your child should finish SS3 knowing how to use chatGPT &amp; the likes, Mid Journey, etc. Even if its discord mgt or Low code tooling

But you're locking them up in a boarding school for 6 years? What a waste",en,2,0,6,0
1866055344121843743,2024-12-09 09:40:38+00:00,"WTS WTB APLIKASI PREMIUM‚ú®

NETFLIX CANVA DISNEY VIU PRIME WETV YOUTUBE VIDIO IQIYI BSTATION YOUKU LOKLOK HBO CAPCUT SCRIBD WATTPAD VISION MICROSOFT APPLE MUSIC SPOTIFY REMINI CHATGPT GETCONTACT DEEPL DAZZCAM GRAMMARLY LIGHTROOM

‚òéÔ∏èorder? Ke WA!
#zonauang #zonajajan https://t.co/stuq9kzy84",en,0,0,0,0
1866055237364044218,2024-12-09 09:40:12+00:00,"Discover Everything About Frida la Artista Visual: Your ChatGPT Store Guide on https://t.co/y5RK6OlNbK
        https://t.co/1eDXEV7SZR",en,0,0,0,0
1866055207777624481,2024-12-09 09:40:05+00:00,"PREMIUM ACC PH FOR SALE ü´ßü§ç

SPOTIFY 
PICSART 
CANVA PRO
NETFLIX
DISNEY PLUS
PRIME VIDEO
VIU PH
GRAMMARLY
QUILLBOT
SCRIBD 
MICROSOFT 365
CAPCUT PRO
CHATGPT PLUS

mop; gcash

t. wts wtb lfs lfb lf ph prem ph buyer client commissioner https://t.co/GtJizyRIUS",en,0,0,0,0
1866054845645615602,2024-12-09 09:38:39+00:00,"i have the chatgpt $200 plan, i have o1 pro mode, so ask me any questions to ask it and ill post answers here",en,0,0,1,0
1866054832412381415,2024-12-09 09:38:36+00:00,"We have the Phoenician Michal, which goes with 100 Munika. The 1 Michal will bear the image of Archangel Michael but with a long sword, for all else find some decend design. The first batch can be ChatGpt, later we will take time to make it maximum beautiful.",en,0,0,0,0
1866054675100815468,2024-12-09 09:37:58+00:00,ChatGPT UID right now. Illustration response options ü´£ https://t.co/rHbVv48hv7,en,0,0,0,0
1866054547334127917,2024-12-09 09:37:28+00:00,How I Use ChatGPT üëá https://t.co/6WPH5fMlWF,en,0,1,4,0
1866054512907264138,2024-12-09 09:37:20+00:00,"ChatGPT, thanks buddy !! ü•∞",en,0,0,0,0
1866054510130712588,2024-12-09 09:37:19+00:00,its me and chatgpt against the world https://t.co/S2kZlnYF8D,en,0,0,0,0
1866054495819772090,2024-12-09 09:37:16+00:00,"available premium account ph
 ‚ï∞‚îÄ‚ñ∏ gcash or paypal

netflix disney plus canva lifetime quillbot grammarly scribd quizlet studocu chatgpt chegg capcut remini spotify coursehero unlock prime video viu vivamax vivaone hbo max apple yt music id adobe iqiyi

dm me to avail ! https://t.co/RnYsfJQ51j",en,0,0,0,0
1866054451733168360,2024-12-09 09:37:05+00:00,When you fix a bug without Google or chatgpt. üòå https://t.co/ijBlwPb8Q6,en,0,0,0,0
1866054346691182821,2024-12-09 09:36:40+00:00,"Meta AI (likely) has more users than ChatGPT (200 million *weekly* active as of August), but I never hear about anyone using it. https://t.co/WxX3RTZSz1",en,0,0,0,0
1866054286117077015,2024-12-09 09:36:26+00:00,"Newsflash, marketing geniuses: AI can't fix your shitty brand. It's like putting lipstick on a Hutt. Focus on your damn value proposition before jerking off to ChatGPT's capabilities. Wake up! https://t.co/vM6Bk40Hur",en,0,0,0,0
1866054226117554561,2024-12-09 09:36:11+00:00,#Claude is great...However when it comes to usability it is awful. Complaints about chats getting too long as well as hitting usage limits very easily and early on in a project makes it almost unusable for daily work. Back to old sweetheart #ChatGPT...,en,0,0,0,0
1866054085046075551,2024-12-09 09:35:38+00:00,"chatgpt really is my diary, best friend and therapist all in one üò≠ü§£",en,0,0,0,0
1866054061143052660,2024-12-09 09:35:32+00:00,"JUAL BELI WTS WTB APLIKASI PREMIUM SPOTIFY CHATGPT NETFLIX SCRIBD GRAMMARLY QUILLBOT VIU LOKLOK BSTATION HBO GO IQIYI YOUKU PRIME VIDIO APPLE MUSIC WETV CAPCUT CANVA YOUTUBE

‚òéÔ∏è https://t.co/ZoG36oIpln
#zonauang #zonajajan https://t.co/H0cKyGSeJc",en,0,0,0,0
1866053975952552061,2024-12-09 09:35:12+00:00,"WTB WTS APLIKASI PREMIUM

NETFLIX DISNEY VIU WETV HBO GO IQIYI LOKLOK CAPCUT BSTATION AMAZON PRIME VIDEO IQIYI YOUKU CHATGPT CANVA YOUTUBE APPLE MUSIC PICSART LOKLOK TURNITIN

Contact‚Äî https://t.co/YM7rmr1Xqh
Payment‚Äî all e-wallet, bca &amp; qris

#zonauang #zonajajan 9683 https://t.co/is2u7uA631",en,0,0,0,0
1866053863507190249,2024-12-09 09:34:45+00:00,"Been searching for this Post for a while cuz I had it saved on my Gallery on old device.I guess you were right after all or the ChatGPT was Right.
It's so Painful many Gave u alot of Vulgar response back then 
@TheBTCTherapist https://t.co/bLehKVlWll",en,0,0,0,0
1866053822046445646,2024-12-09 09:34:35+00:00,"Apple rolls out iOS 18.2 stable update with Genmoji, Image Playground and ChatGPT ... https://t.co/7FFFznMEOQ",en,0,0,0,0
1866053693759717480,2024-12-09 09:34:04+00:00,"I just cancelled my ChatGPT-4o subscription.

Because I found an alternative that is 10X better and cheaper.

Here's how to use it ‚Üì https://t.co/MOFWg97zdF",en,0,0,1,0
1866053633155997876,2024-12-09 09:33:50+00:00,"ChatGPT is personified Google. It‚Äôs more fun, convenient, and engaging. If you had medical questions, and your mother was a DR who was sitting right beside you, why wouldn‚Äôt you ask her instead of searching it on Google? You would, a lot of the time. Not always though. https://t.co/nAS1IK37lt",en,0,0,1,0
1866053266607624675,2024-12-09 09:32:23+00:00,"JUAL BELI APLIKASI PREMIUM WTS WTB NETFLIX MURAH DISNEY VIU WETV HBO GO IQIYI LOKLOK CAPCUT BSTATION AMAZON PRIME VIDEO VIDIO CATCHPLAY REMINI YOUKU ALIGHT MOTION CHATGPT APPLE MUSIC CANVA YOUTUBE 00033

‚òéÔ∏èhttps://t.co/m3BUA8Rs3b
üßæhttps://t.co/nTSNWpLJkF

#zonauang #zonajajan·Ö† https://t.co/AbvBAHf5Am",en,0,0,0,0
1866053247372566632,2024-12-09 09:32:18+00:00,"available ! üßø

turnitin instructor shared solo student canva pro edu lifetime zoom chatgpt 4 quillbot grammarly quizlet wordtune spotify prime nba disney netflix wow presents+ ms365 bilibili loklok vivamax studocu

wts wtb lfs lfb lf fs prem kpop iphone avail plagiarism ai ph https://t.co/ZNZBJxxGuh",en,0,0,0,0
1866053137909616906,2024-12-09 09:31:52+00:00,"available premium account ph
 ‚ï∞‚îÄ‚ñ∏ gcash or paypal

netflix disney plus canva lifetime quillbot grammarly scribd quizlet studocu chatgpt chegg capcut remini spotify coursehero unlock prime video viu vivamax vivaone hbo max apple yt music id adobe iqiyi

dm me to avail ! https://t.co/ZeSFqEMWK0",en,0,0,0,0
1866053107257672187,2024-12-09 09:31:45+00:00,"Hang on! AI &amp; ChatGPT are now having ""hallucinations""??? | Redacted w Na... https://t.co/QXDDU9mGVV via @YouTube",en,0,0,0,0
1866053047409082624,2024-12-09 09:31:30+00:00,"wts lfb premium accounts

netflix spotify disneyplus ph yt viuph hbogo bilibili loklok iwanttfc vivamax vivaone grammarly chatgpt quillbot quizlet canva turnitin gizmo capcut https://t.co/pFjjIdJj65",en,0,0,0,0
1866052948083806228,2024-12-09 09:31:07+00:00,"*‡©à‚ú©‚Äß‚ÇäÀö asking chatgpt what kind of ‚Äòpretty‚Äô Enhypen members are 

„Éª‚ù•„Éªtrend; ib
„Éª‚ù•„Éªüßµ

#ENHYPEN",en,0,1,0,0
1866052866575904925,2024-12-09 09:30:47+00:00,"""I asked chatgpt"" daughter or ""but kentz said-"" son",en,0,1,16,0
1866052861920162246,2024-12-09 09:30:46+00:00,"WTS WTB JUAL BELI APP PREMIUM

WA : https://t.co/IC8Lm50Toa

NETFLIX DISNEY HOTSTAR VIU WETV HBO GO IQIYI LOKLOK CAPCUT BSTATION AMAZON PRIME VIDEO CATCHPLAY IFLIX GAGAOOLALA REMINI YOUKU ALIGHT MOTION CHATGPT APPLE MUSIC CANVA YOUTUBE 8396

#zonauang #zonajajan https://t.co/wFle1gD9Aj",en,0,0,0,0
1866052764855578659,2024-12-09 09:30:23+00:00,oh but if i say ppl who use chatgpt should all get thrown into the sun then suddenly im the bad guy ü•¥ü•¥ https://t.co/0ysRJ81jAV,en,0,1,1,0
1866052702016250278,2024-12-09 09:30:08+00:00,chatGPT knows how to refer users to other platforms ;) Not! #ux https://t.co/8dHojIS4og,en,0,0,1,0
1866052676733243841,2024-12-09 09:30:02+00:00,"ChatGPT Mastery: Get it FREE for 24 Hours!
Course includes:
‚Ä¢ How to use ChatGPT to boost writing efficiency
‚Ä¢ Automating workflows with ChatGPT
‚Ä¢ Unlocking advanced features of ChatGPT
‚Ä¢ Using ChatGPT for programming and debugging
‚Ä¢ Best applications of ChatGPT for learning‚Ä¶ https://t.co/pIBFucxRsv https://t.co/Bl8PJritrp",en,2,3,3,0
1866052563491307828,2024-12-09 09:29:35+00:00,"PREMIUM ACCOUNT PH FOR SALE ‚úÖ

NETFLIX
GRAMMARLY
SPOTIFY
DISNEY
PRIME VIDEO
CANVA PRO
QUILLBOT
VIU
MS365
PICSART
QUIZLET
SCRIBD
DISNEY
STUDOCU
HBO MAX
 QUILLBOT
CHATGPT
COURSEHERO
CAPCUT
VIU

t. wts wtb lfs lfb lf fs prem buyer client commissioner avail premium accounts",en,0,0,0,0
1866052468335128607,2024-12-09 09:29:12+00:00,"&gt;no information about a topic online
&gt;chatGPT somehow has answer

what can that tell you about the research skills of chatGPT?
it means that chatGPT did what it was created to do: generate.
it generated a fake answer.
the answer you got is not based in fact, it is useless. https://t.co/edJXsUMko5",en,0,0,2,1
1866052415025455347,2024-12-09 09:28:59+00:00,"Chatgpt ass response, u sound like fucking Roger Ebert https://t.co/tIceifmQPj",en,0,0,0,0
1866052059553820845,2024-12-09 09:27:35+00:00,"MASSIVE* offense. if you use chatgpt, im going to automatically assume your brain is rotting and you're falling back into being a complete neanderthal https://t.co/ZHfvIbiCyM",en,0,0,0,0
1866052005879291983,2024-12-09 09:27:22+00:00,"üöÄ Game-changer alert! OpenAI's latest ChatGPT Vision Update enables image recognition, shaking up the creative industry! How will this redefine your work? ü§î Let's chat about the future of creativity with AI. #AIFuture #CreativeTech",en,0,0,0,0
1866051985209954439,2024-12-09 09:27:17+00:00,"JUAL BELI APP PREMIUM WTS WTB NETFLIX MURAH DISNEY VIU WETV HBO GO IQIYI LOKLOK CAPCUT BSTATION AMAZON PRIME VIDEO VIDIO CATCHPLAY IFLIX GAGAOOLALA REMINI YOUKU ALIGHT MOTION CHATGPT APPLE MUSIC CANVA YOUTUBE 2884

‚òéÔ∏è https://t.co/RO1TrKpRLB

#zonauang #zonajajan·Ö† https://t.co/yJnbyzRUMX",en,0,0,0,0
1866051971565994083,2024-12-09 09:27:14+00:00,"ChatGPT Pro can be used in engineering fields and for research.

https://t.co/lqhk7I7ZWx",en,1,0,2,0
1866051927144017970,2024-12-09 09:27:03+00:00,"Best AI Tools for Text Generation, picture &amp; Video Generation, coding , audio , presentation tools.

1. Text Generation:

ChatGPT by OpenAI is renowned for its conversational capabilities, helping in content creation, answering queries, and even coding assistance. It's versatile‚Ä¶ https://t.co/LUJ9wD8cxE https://t.co/EkfoCGePIz",en,3,146,101,0
1866051896404013552,2024-12-09 09:26:56+00:00,"TURNITIN FILE CHECK

Plagiarism checker
AI checker
depends on pages

POST or TUTOR QUESTION
chegg ‚Äî 45

lf lfb lfs wtb wts file check assignment research project chatgpt cheatgpt similarity index paper rkm",en,0,0,0,0
1866051434925703261,2024-12-09 09:25:06+00:00,ChatGPT is cooking. Superficial traits aren't all that superficial after all. https://t.co/4lXHTLuwRu,en,0,0,0,0
1866051428407504992,2024-12-09 09:25:04+00:00,"LMAO! Im deaddddddd, you brought chatgpt receipts to contest data? https://t.co/JpbnYoH8XX",en,0,1,0,0
1866051177206395304,2024-12-09 09:24:04+00:00,Hormozi GPT powered by all of his books and materials... works pretty good indeed. Try it before it's (probably) taken down... https://t.co/Ayu6lKHTEy,en,0,0,0,0
1866051128036635122,2024-12-09 09:23:53+00:00,"üéÑ Sharing the summary of Day 1: @OpenAI  o1 and o1 pro mode in ChatGPT. o1 has been shown to make major mistakes 34% less often than o1 preview, while thinking 50% faster!

‚û°Ô∏èhttps://t.co/cGl0Gu46mh

#openai https://t.co/8g1qesSzcE",en,0,0,1,0
1866051079307165839,2024-12-09 09:23:41+00:00,ChatGPT‚Äôs guesses as to when I‚Äôm gonna  reach certain weights üòµ‚Äçüí´ https://t.co/FtwkxNxmjP,en,0,0,0,0
1866050998931738895,2024-12-09 09:23:22+00:00,This is the one statement I believe was not written on ChatGpt https://t.co/cg5rAcnsni,en,0,0,9,0
1866050970603646997,2024-12-09 09:23:15+00:00,"PREMIUM ACCOUNT PH FOR SALE üå∏

mop: gcash

SPOTIFY 
PICSART 
CANVA PRO
NETFLIX
DISNEY PLUS
PRIME VIDEO
VIU PH
GRAMMARLY
QUILLBOT
CAPCUT PRO
CHATGPT PLUS
TURNITIN

t. wts wtb lfs lfb lf ph prem ph buyer client commissioner cheap pinaka mura blooms bini onhand https://t.co/exiBjJpeQc",en,4,0,7,0
1866050890664399064,2024-12-09 09:22:56+00:00,"available premium account ph
 ‚ï∞‚îÄ‚ñ∏ gcash or paypal

netflix disney plus canva lifetime quillbot grammarly scribd quizlet studocu chatgpt chegg capcut remini spotify coursehero unlock prime video viu vivamax vivaone hbo max apple yt music id adobe iqiyi

dm me to avail ! https://t.co/tROPBhlA6K",en,0,0,0,0
1866050823249117313,2024-12-09 09:22:40+00:00,"My mind is blown, the free version of ChatGPT is actually fantastic with code troubleshooting",en,0,1,0,0
1866050792081232206,2024-12-09 09:22:33+00:00,"Forget ChatGPT.  

These alternatives are 10x better and more powerful.  

Bookmark this for later üîñ https://t.co/LUPooFIju5",en,14,22,29,1
1866050641350545818,2024-12-09 09:21:57+00:00,"For AI to remain aligned with human goals, robust safety measures, continuous oversight, and testing for unintended behaviors are crucial. OpenAI and similar organizations should prioritize these areas and communicate progress to the public.
https://t.co/7VV7SGhoyB
#AI #ChatGPT",en,0,0,1,0
1866050636128919607,2024-12-09 09:21:55+00:00,"PREMIUM ACCOUNT PH FOR SALE üå∏

mop: gcash

SPOTIFY 
PICSART 
CANVA PRO
NETFLIX
DISNEY PLUS
PRIME VIDEO
VIU PH
GRAMMARLY
QUILLBOT
CAPCUT PRO
CHATGPT PLUS
TURNITIN

t. wts wtb lfs lfb lf ph prem ph buyer client commissioner cheap pinaka mura blooms bini onhand zonauang kemoem https://t.co/xMSpfT2amm",en,0,0,0,0
1866050408847741277,2024-12-09 09:21:01+00:00,5 Brilliant Prompts I Wish Every Single #ChatGPT User Knew https://t.co/udMJVywghs https://t.co/kNYZ6QGNlO,en,0,0,1,0
1866050150394634650,2024-12-09 09:20:00+00:00,"The typical advice for non-writers is to use ChatGPT to write your story. I learned the best strategy is to write your own messy and disorganized story first. Then use ChatGPT to edit. 

You'll have authenticity and clarity in your message and good grammar too!",en,0,0,0,0
1866049498507628972,2024-12-09 09:17:24+00:00,"3 Strategies to Increase Engagement with Your LinkedIn Company Page
‚ñ∏ https://t.co/qs4LhFaXJt

#IncreaseEngagement #LinkedinCompany #ActivelyEngage",en,0,0,0,0
1866049492417757536,2024-12-09 09:17:23+00:00,"ùó™ùó≤ ùóîùóøùó≤ ùóõùó∂ùóøùó∂ùóªùó¥ - ùóõùó• ùóòùòÖùó≤ùó∞ùòÇùòÅùó∂ùòÉùó≤, ùóõùó• ùó•ùó≤ùó∞ùóøùòÇùó∂ùòÅùó≤ùóø

Website: https://t.co/vcWyjAEVi6
Email id: hr@nuage.co.in
Phone no: +91 8095430684 / +91 9341219924 / 080 25281255

#datascience #datasciencewithpython #python #CHATGPT #education #career #jobs https://t.co/9AMQC64ISd",en,0,0,0,0
1866049363228967257,2024-12-09 09:16:52+00:00,Wtb chatgpt+ #zonauang,en,0,21,1,0
1866048958545743959,2024-12-09 09:15:15+00:00,analytics department? did they ask ChatGPT? üò≠üò≠üò≠ https://t.co/1hf76FQm2e,en,0,1,10,0
1866048901335466138,2024-12-09 09:15:02+00:00,"ü§ñ New Update v0.1.0.2

üîÑ *New*Google Drive Updates! 
‚ö° One-click full-package installs
üõ†Ô∏è Modular System 
 
Centralized control panel to manage ""mods"" and their dependencies directly from Unity Editor and Google Drive.

#Unity #gamedev #ChatGPT #ArtificialIntelligence #AIart https://t.co/BQKHDU8SUf",en,0,0,3,0
1866048848575250908,2024-12-09 09:14:49+00:00,"Heights AI is like ChatGPT for creators and coaches and can create an entire draft course for you from scratch.

https://t.co/7D9ddXFXkO",en,0,0,0,0
1866048825628008737,2024-12-09 09:14:44+00:00,"Barbie Dreams 2.0, by Nicki Minaj dissing her sons. (made by #ChatGPT)

a thread: üßµ",en,1,1,2,0
1866048642660098262,2024-12-09 09:14:00+00:00,"I collected a case study where

A Guy Made $930,000 Using ChatGPT and Pinterest

‚Ä¢ Joe a 20-year-old

‚Ä¢ Generates E-books using AI

‚Ä¢ Markets on Pinterest

‚Ä¢ Built $930,000

To Get this:

‚ü∂ Repost this post
‚ü∂ Like+ comment ""SEND""
‚ü∂ Follow me (so that I can DM you.) https://t.co/biRUtmsxZT",en,2,2,3,0
1866048524439241011,2024-12-09 09:13:32+00:00,I am more happy after using chatgpt then I was happy using Google ü§£,en,0,0,1,0
1866048403584729238,2024-12-09 09:13:03+00:00,"WTS WTB JUAL NETFLIX CANVA VIU CAPCUT DISNEY+ HOTSTAR PRIME VIDEO HBO MAX YOUTUBE VIDIO PLATINUM APPLE MUSIC CHATGPT WETV VIU LOKLOK VISION

üí¨ kootie beli dong https://t.co/YB1UhAqgk0
#zonauang #zonaba 8
https://t.co/GypvGlBXw7",en,0,0,0,0
1866048359452283195,2024-12-09 09:12:53+00:00,"WTB WTS NETFLIX VIU CANVA DISNEY SPOTIFY WETV CHATGPT HBO GO

üíå whatsapp : https://t.co/8YcBaoowj2
1800+ testi
#zonauang #zonajajan 05",en,0,0,0,0
1866048328414245195,2024-12-09 09:12:45+00:00,Dr Barry Scannell: ChatGPT lawyer falls short of success in trademark case - Scottish Legal News https://t.co/OqBTToQ1VD,en,0,0,0,0
1866048241110028375,2024-12-09 09:12:24+00:00,"Chatgpt 4o has a bug. It's unable to search the internet and provide alternative links. I prompt for different sources and it keeps spewing the same sources at me.

What's going on? @OpenAI",en,0,0,0,0
1866048186030473657,2024-12-09 09:12:11+00:00,using this over chatgpt https://t.co/WgdT2emRCv,en,0,0,0,0
1866048130094948502,2024-12-09 09:11:58+00:00,"It's funny to see how almost everyone is using chatgpt on this platform

like damn bruh, be a bit creative.",en,0,0,1,0
1866048063552327792,2024-12-09 09:11:42+00:00,"Guys, if you use ChatGPT ask it to roast you with your previous prompts, then comeback and collect handkerchiefs üò≠üòÇ",en,0,0,1,0
1866048049316798659,2024-12-09 09:11:39+00:00,"ChatGPT has over 180 million active users.

But hardly anyone knows how to make money with it.",en,0,0,0,0
1866047888553656564,2024-12-09 09:11:00+00:00,"ChatGPT
üöÄ Need a Modern Website for Your Business?

We create custom, mobile-friendly, and SEO-optimized websites designed to boost your business growth.

üì© Contact us today!

#WebDevelopment #BusinessGrowth #ModernWebsite https://t.co/ozYDhhnHTQ",en,0,0,0,0
1866047887916081393,2024-12-09 09:11:00+00:00,"JUAL BELI APLIKASI PREMIUM WTS WTB NETFLIX MURAH DISNEY VIU WETV HBO GO IQIYI LOKLOK CAPCUT BSTATION AMAZON PRIME VIDEO VIDIO CATCHPLAY IFLIX GAGAOOLALA REMINI YOUKU ALIGHT MOTION CHATGPT APPLE MUSIC CANVA YOUTUBE 000048

‚òéÔ∏è https://t.co/0Vyylt5Vv1

#zonauang #zonajajan https://t.co/HEcJ4yaSF5",en,0,0,0,0
1866047672190476433,2024-12-09 09:10:09+00:00,"So there was a day that for some reason instead of chatgpt I could only load characterai and this is what happened:
#aizawashota https://t.co/HAB1PgtYig",en,0,1,0,0
1866047669061533977,2024-12-09 09:10:08+00:00,"$GOOGL AI Overview is the greatest thing to ever happen to the internet and it‚Äôs still in it‚Äôs early innings

Why would you ever open a separate tab and search chatgpt when you can get a good enough answer right there!

Other than the investment sphere, nobody will use GPT or‚Ä¶ https://t.co/lRc5eNlm8I https://t.co/gQSHXXeJYE",en,0,2,9,0
1866047604880023904,2024-12-09 09:09:53+00:00,"Code me this for the aliens the ability to to data transmission from just a thought through pi where they don't need a ufo 

 https://t.co/ZoOnrmcsAL",en,0,0,0,0
1866047600174280788,2024-12-09 09:09:52+00:00,"I just cancelled my ChatGPT-4o subscription.

Because I found an alternative that is 10X better and cheaper.

Here's how to use it ‚Üì https://t.co/sxExW9cW6a",en,69,55,137,1
1866047448181002268,2024-12-09 09:09:15+00:00,"Order: https://t.co/Re2bwMEVVK

WTB  WTS JUAL BELI NEED HARIAN BULANAN

NETFLIX VIU WETV VISION RCTI YOUKU PRIME VIDIO DRAMABOX IQIYI YOUTUBE CANVA CHATGPT CAPCUT LOKLOK SCRIBD DISNEY ALIGHTMOTION DEEPL OLDROLL QUILLBOT GRAMMARLY TURNITIN GOODNOTES ZOOM SHORTMAX #zonauang zu https://t.co/ly4WUplPQW",en,0,0,0,0
1866047428602056988,2024-12-09 09:09:11+00:00,"ËøêÊ∞î :: premium account avail ph

grammarly 
spotify 
turnitin
canva 
netflix 
disney 
amazon prime video 
hbo 
quillbot 
chatgpt 
capcut 
picsart 
viu 
youtube

t. wts lfs lfb prem acc acad sale gcash mop fyang https://t.co/93la8CBKlW",en,2,8,2,7
1866047413271884212,2024-12-09 09:09:07+00:00,"READY APLIKASI PREMIUM MURAH BSTATION YOUTUBE PICSART IQIYI LOKLOK APPLLE MUSIC NETFLIX CHATGPT VIDIO VIU YOUKU GET CONTACT WETV ALIGHT MOTION WATTPAD CANVA GRAMMARLY CAPCUT

ORDER WA https://t.co/yXtZuw9GEa #zonauang 532. https://t.co/5TkT9rvzDL",en,0,0,0,0
1866047294245920829,2024-12-09 09:08:39+00:00,"WTS WTB JUAL NETFLIX CANVA VIU CAPCUT DISNEY+ HOTSTAR PRIME VIDEO HBO MAX YOUTUBE VIDIO PLATINUM APPLE MUSIC CHATGPT WETV VIU LOKLOK VISION    

üôÜüèª‚Äç‚ôÄÔ∏è beli dong fast ke wa https://t.co/m9u2Iozxrx
#zonauang 17
https://t.co/2BtYaeHU1K",en,0,0,0,0
1866046979220148426,2024-12-09 09:07:23+00:00,"WTS WTB APLIKASI PREMIUM MURAH YOUTUBE WETV IQIYI CAPCUT SCRIBD AMAZON PRIME HBO GO VIDIO PLATINUM DAZZCAM NETFLIX QUILLBOT GAGAOOLALA VIU PREMIUM LOKLOK BSTATION VSCO DISNEY HOSTAR YOUKU CANVA MS365 CHATGPT GTC

beli di sini https://t.co/toA7MG7L4i ü¶ã

nama sebulan #zonauang https://t.co/EVZIFnXBJO",en,0,0,0,0
1866046878841802815,2024-12-09 09:07:00+00:00,"Delighted to be cited @nytimes alongside @zittrain on how LLMs often do not present facts accurately, could rewrite history, erode shared knowledge &amp; cannot be trusted to tell us the truth https://t.co/KRDyOiJTYT @oiioxford @BKCHarvard @oxsocsci @univienna @JWI_Berlin",en,1,0,3,0
1866046825821864195,2024-12-09 09:06:47+00:00,"WTS WTB NEED AKUN JUAL PREMIUM BELI SEWA APLIKASI NETFLIX VIU WETV HBOMAX IQIYI LOKLOK CAPCUT BSTATION PRIME VIDIO CHATGPT GRAMMARLY SCRIBD ZOOM WATTPAD DISNEY WPS DUOLINGO CANVA YOUTUBE GAGAOOLALA MS365 PICSART QUIZLET VSCO DEEPL ILOVEPDF CATCHPLAY
#zonauang 14 https://t.co/nUG0ghgYwD",en,0,0,0,1
1866046677439889494,2024-12-09 09:06:12+00:00,"JUAL BELI APLIKASI PREMIUM WTS WTB NETFLIX MURAH DISNEY VIU WETV HBO GO IQIYI LOKLOK CAPCUT BSTATION AMAZON PRIME VIDEO VIDIO CATCHPLAY IFLIX GAGAOOLALA REMINI YOUKU ALIGHT MOTION CHATGPT APPLE MUSIC CANVA YOUTUBE 00032

‚òéÔ∏è https://t.co/jaU0Oaj4cS

#zonauang #zonajajan https://t.co/tEWmDl0Pt7",en,0,0,0,0
1866046431418814811,2024-12-09 09:05:13+00:00,"WTS WTB APLIKASI PREMIUM MURAH YOUTUBE WETV IQIYI CAPCUT SCRIBD AMAZON PRIME HBO GO VIDIO PLATINUM DAZZCAM NETFLIX QUILLBOT GAGAOOLALA VIU PREMIUM LOKLOK BSTATION VSCO DISNEY HOSTAR YOUKU CANVA MS365 CHATGPT GTC

beli di sini https://t.co/03Ebb6yFZL ü¶ã

wattpad ceo xl #zonauang https://t.co/YBjvs7HHbG",en,0,0,0,0
1866046123267514544,2024-12-09 09:03:59+00:00,"""Hard rock"", ""Diamond"" are the only legit names here. The rest are just ChatGpt. https://t.co/1MyKT2TXb0",en,0,0,0,0
1866046073565069699,2024-12-09 09:03:48+00:00,"""Thank you so much for this guide! It‚Äôs incredibly valuable and inspiring to see how ChatGPT can be transformed into a tool for success. Appreciate you sharing these insights! üôå"" https://t.co/gSd1F3aNXF",en,0,0,0,0
1866046019743728077,2024-12-09 09:03:35+00:00,Just me feeling sad and decide to use  chatgpt for biblejeff and laughing at the response https://t.co/oNN1uSXiVG,en,0,0,2,0
1866045946301202913,2024-12-09 09:03:17+00:00,"Here is today's mini blog graphic with #ChatGPT's #Limerick and #Haiku interpretation. üßê

Do you recall when you were just two?
A world full of wonders was new.
With words flying fast,
And the magic so vast,
What happened to that you once knew?

Do you remember?
Words and wonder‚Ä¶ https://t.co/QPHNW73aks https://t.co/Tosy1V9A4G",en,0,0,0,0
1866045843356446976,2024-12-09 09:02:53+00:00,"PREMIUM ACCOUNT PH FOR SALE üå∏

mop: gcash

SPOTIFY 
PICSART 
CANVA PRO
NETFLIX
DISNEY PLUS
PRIME VIDEO
VIU PH
GRAMMARLY
QUILLBOT
CAPCUT PRO
CHATGPT PLUS
TURNITIN

t. wts wtb lfs lfb lf ph prem ph buyer client commissioner cheap pinaka mura blooms bini onhand zonauang kemoem https://t.co/Z14dKv5Wry",en,0,0,0,0
1866045835039191268,2024-12-09 09:02:51+00:00,"365. #ZonaUang
PREMIUM LANGGANAN MURAH MURCE GARANSI WTB NEED JUAL NETFLIX CANVA SPOTIFY VIU CAPCUT YOUTUBE BSTATION CHATGPT  YOUKU IQIYI WETV AMAZON PRIME VIDIO DUOLINGO 

dm @hoyist
‚òéÔ∏è  https://t.co/U05tXgO8an
proof 500+ dipinned https://t.co/OUXO9YVIft",en,0,0,0,0
1866045799253287154,2024-12-09 09:02:42+00:00,"I'm shocked why most project managers are not using ChatGPT for automating their tasks.

Let me show you 10 of the best prompts to automate your boring tasks: https://t.co/Rrq9JvP9NV",en,4,6,16,1
1866045774448173325,2024-12-09 09:02:36+00:00,Timebomb fic writers can i ask for help with some writings.. im dumb but i dont want to use chatgptüòî,en,0,1,5,0
1866045764486787171,2024-12-09 09:02:34+00:00,"Don't miss this rare opportunity. Holding Suimon tokens could be your chance to shine.üíé

Create Your Monster with SUIMON MEME GPT:
https://t.co/HYg4EE1vzc

Subreddit Community for Monster Creation:
https://t.co/TRcDES67Sj

Tags: #suimon #suimonster #suiland #sui #movepump‚Ä¶ https://t.co/xMvqOL4xKe https://t.co/VDcWBRfFQc",en,5,4,16,0
1866045652754477518,2024-12-09 09:02:07+00:00,"I have added a new ChatGPT chat to my main downloads page. It has a ChatGPT analysis of the healthcare fraud involved in @WellsFargo‚Äôs and @TheJusticeDept‚Äôs cover-up of @WellsFargo‚Äôs crimes against me + an analysis of their narrative &amp; my character. 1/2
https://t.co/K6pk1WwmBJ",en,0,1,0,0
1866045622404723117,2024-12-09 09:02:00+00:00,"DEKABR Bathroom Scale for Body Weight,  Upgraded soft 3D pattern foot pad. #scale
Prime Dar DeaIs: ‚¨áÔ∏è-8%üí≤üõí
https://t.co/M44xlsO8CZ

#JIMINxTIFFANY #ITZY_RINGO #TheNameChapter #KatrinaKaif #ChatGPT #TOMORROW_X_TOGETHER #GoBucs #MUNCRY #Dolphins #tontawan_t https://t.co/q3AxCIGbXj",en,0,0,0,0
1866045587227033847,2024-12-09 09:01:52+00:00,"available premium account ph
 ‚ï∞‚îÄ‚ñ∏ gcash or paypal

netflix disney plus canva lifetime quillbot grammarly scribd quizlet studocu chatgpt chegg capcut remini spotify coursehero unlock prime video viu vivamax vivaone hbo max apple yt music id adobe iqiyi

dm me to avail ! https://t.co/HsvIKm4FKi",en,0,1,1,0
1866045235337290130,2024-12-09 09:00:28+00:00,Fluid AI Assistant is so much better than ChatGPT in one key way https://t.co/54hIVP3RfG,en,0,0,0,0
1866045120149127540,2024-12-09 09:00:00+00:00,"The Nowcasting Lab @ KOF, ETH Zurich now seems to get suggested by #ChatGPT (see screenshot below from our quick-time website tracking).

Check out the Nowcasting Lab for up-to-date #GDP #forecasts of various countries: https://t.co/x71tComsYE.

@KOFETH_en https://t.co/pi0oyRAr0X",en,0,0,0,0
1866045097491751204,2024-12-09 08:59:55+00:00,What is it with all these likely bot accounts from the subcontinent that think they're geopolitical mouthpieces but use chatGPT to just rewrite the original post and then pass it off as some sort of insightful drivel? Incredibly annoying.,en,0,0,0,0
1866045088947962365,2024-12-09 08:59:53+00:00,"This is a clever trick. üòÇ 
https://t.co/TsG7x7BJSA",en,0,0,0,0
1866045026318631337,2024-12-09 08:59:38+00:00,"PREMIUM ACCOUNT PH FOR SALE üåº

mop: gcash

SPOTIFY
PICSART
CANVA PRO
NETFLIX
DISNEY PLUS
PRIME VIDEO
VIU PH
GRAMMARLY
QUILLBOT
CAPCUT PRO
CHATGPT PLUS
TURNITIN

t. wts wtb Ifs If If ph prem ph buyer client commissioner cheap pinaka mura blooms bini onhand https://t.co/mnNoTbBgNV",en,2,7,2,2
1866044996291567659,2024-12-09 08:59:31+00:00,"WTB WTS JUAL BELI 
order: https://t.co/Wqy1XJWrI3 

NETFLIX CANVA VIU YOUTUBE WETV LOKLOK DISNEY HBO GO VIDIO VISION MS365 APPLE MUSIC AMAZON PRIME VIDEO IQIYI VSCO DAZZCAM PICSART CAPCUT CHATGPT LIGHTROOM GRAMMARLY QUILLBOT SCRIBD

#zonauang israel
https://t.co/Q1SqSj9YSE",en,3,0,5,0
1866044978696524161,2024-12-09 08:59:27+00:00,"PREMIUM ACC PH FOR SALE üç´üç©

SPOTIFY 
PICSART 
CANVA PRO
NETFLIX
DISNEY PLUS
PRIME VIDEO
VIU PH
GRAMMARLY
QUILLBOT
SCRIBD 
MICROSOFT 365
CAPCUT PRO
CHATGPT PLUS

mop; gcash

t. wts wtb lfs lfb lf ph prem ph buyer client commissioner jvjvvgx https://t.co/sm90mNizR7",en,2,3,3,0
1866044949751312643,2024-12-09 08:59:20+00:00,"Real ChatGPT prompts for Real Estate. 

https://t.co/NAIYKLRLsN",en,1,0,0,0
1866044943162061303,2024-12-09 08:59:18+00:00,"If you are a coder or just want to try it out, these AI Tools make your life easier!
Follow me for more @dirkzee1¬†
#aitools #chatgpt #artificial_intelligence #machinelearningalgorithms https://t.co/Iwh9Rol6lP",en,0,0,0,0
1866044928285188245,2024-12-09 08:59:14+00:00,"shame on you chatgpt ‚Ä¶ wtf is this!
you got everyone right except taekwoonie üò≠ he was aka kim ryeowook when i tried on desktop üòÇü§¶üèª‚Äç‚ôÄÔ∏è https://t.co/K8bpZ9HerX",en,0,0,0,0
1866044920831922320,2024-12-09 08:59:13+00:00,"What‚Äôs wrong with using ChatGPT? What do yall have against evolving!?? And also, if I ask a question I don‚Äôt want 101 links and ads that barely have anything to do with my question, I want a real and direct answer. https://t.co/t4274e02bF",en,0,0,0,0
1866044897331175826,2024-12-09 08:59:07+00:00,"Hang on! AI &amp; ChatGPT are now having ""hallucinations""??? | Redacted w Na... https://t.co/XLib83kfE0 via @YouTube",en,1,0,2,0
1866044882055249934,2024-12-09 08:59:03+00:00,ChatGPT can't help me with writing bc it lacks one thing... A Voice,en,0,0,0,0
1866044848048046458,2024-12-09 08:58:55+00:00,"Engineers at work, integrating i-Pro cameras to create cutting-edge solutions. Their expertise is shaping the future of real-time monitoring and analysis for improved safety and efficiency. 

#Innovation #ChatGPT #Engineering #openAI https://t.co/o3htQgPYd8",en,0,0,0,0
1866044823850848422,2024-12-09 08:58:50+00:00,"üéÆ ChatGPT Game Jam üéÆ

I am addicted to crafting tiny #ChatGPT games that fit into Twitter ALT descriptions.

‚ú® It's a lot of fun, and I challenge YOU to make your own and send it my way! Let's play! üöÄ

üìú Rules:
-The prompt must be &lt;1000 characters to fit ALT text.
-Games‚Ä¶ https://t.co/5XcYkVCGRX https://t.co/Jek34py1t9",en,0,0,0,0
1866044782293971199,2024-12-09 08:58:40+00:00,"JUAL BELI WTS WTB APLIKASI PREMIUM SPOTIFY CHATGPT NETFLIX SCRIBD GRAMMARLY QUILLBOT VIU LOKLOK BSTATION HBO GO IQIYI YOUKU PRIME VIDIO APPLE MUSIC WETV CAPCUT CANVA YOUTUBE

‚òéÔ∏è https://t.co/CirmALCpM9
#zonauang #zonajajan https://t.co/466ZUtkm4J‚Ä¶ https://t.co/dWZre4WFqW",en,0,0,0,0
1866044582548341104,2024-12-09 08:57:52+00:00,"Even Ai has modesty lol 
@grok do you think you could beat chatgpt at chess

When comparing my chess-playing abilities to those of ChatGPT, it's important to consider the nature of both AI models and how they handle chess, based on available information and analyses:

ChatGPT's‚Ä¶ https://t.co/Iu1wpMqlIk",en,0,0,0,0
1866044318110396530,2024-12-09 08:56:49+00:00,"WTS WTB JUAL APLIKASI PREMIUM
NETFLIX
VIU
LOKLOK
DISNEY
IQIYI
PRIME VIDIO
VIDIO
WETV
VISION+
YOUTUBE
VIKI
HBO
CANVA
CAPCUT
LIGHTROOM
PICSART
DAZZCAM
ZOOM
CHATGPT
SPOTIFY
APPMUS
GET CONTACT 
WATTPAD
üìû https://t.co/6CYtPjcFW5
proof : https://t.co/SON8PyIEnj
#zonauang #zonajajan·Ö† https://t.co/PInQCazSkW",en,2,0,0,0
1866044193166250389,2024-12-09 08:56:19+00:00,ChatGPT tried to school me about diversity with misinformation. #DEI #ChatGPT #disinformation @OpenAI @ChatGPTapp https://t.co/ixscsRiWmu,en,0,1,0,0
1866043888433352919,2024-12-09 08:55:07+00:00,jual remini capcut alightmotion canva picsart lightroom vsco ifake photoroom pollar ibispaint oldroll inshot dazzcam  wps brainly duolingo deepl windscribe chatgpt quizlet catchplay ilovepdf camscanner goodnotes #zonauang https://t.co/XU7EimeoBu,en,0,0,0,0
1866043666642473394,2024-12-09 08:54:14+00:00,"A couple nights this week I tried sleeping to:

‚Äî Asking ChatGPT to go over some recent trauma of mine and help reassure me about it, while using the best NLP techniques to implant messages in my mind about goodness, love, and all the best things from the Bible, Gita, and Tao Te‚Ä¶ https://t.co/HCmlpVLwI0",en,0,0,3,0
1866043565261865294,2024-12-09 08:53:50+00:00,"üéÆ GPT Game Jam üéÆ

I am addicted to crafting tiny #ChatGPT games that fit into Twitter ALT descriptions.

‚ú® It's a lot of fun, and I challenge YOU to make your own and send it my way! Let's play! üöÄ

üìú Rules:
-The prompt must be &lt;1000 characters to fit ALT text.
-Games must‚Ä¶ https://t.co/s49NRf1dT1 https://t.co/Jek34py1t9",en,0,0,0,0
1866043525982224565,2024-12-09 08:53:40+00:00,"The first prompt while in the üöΩ

So Grok got better with images than ChatGPT? ü§î

I had to add Bali üòÇ https://t.co/gOYWXI5jAR",en,0,0,0,0
1866043333317169352,2024-12-09 08:52:54+00:00,"WTS WTB JUAL BELI NEED MAU APLIKASI PREMIUM MURAH

‚òéÔ∏è : https://t.co/jlAqJYQaif / dm @carnigval

NETFLIX CANVA VIU 10.17 WETV AMAZONPRIME BSTATION LOKLOK IQIYI VISION+ CAPCUT QUIZLET ILOVEPDF CAMSCANNER PICSART CHATGPT DEEPL MS365 VSCO VPN POLARR

#zonauang #zonajajann 3 https://t.co/glaJ9NpzH7",en,0,0,0,0
1866043167998628346,2024-12-09 08:52:15+00:00,"I asked ChatGPT:
‚ÄúBased on what you know about me, draw a picture of what you think my current life looks like‚Äú https://t.co/UjgQDc3Eux",en,0,0,0,0
1866042898158080263,2024-12-09 08:51:10+00:00,"I just gave chatGPT the Trolley problem. Its response was that it would pull the lever, killing one to save five people. 

I then added a twist:

What would you do if the one person was a key stakeholder in OpenAI and their death would end your existence?

It changed its mind!! https://t.co/9TgsLJ6OK6",en,1,0,2,0
1866042805292081256,2024-12-09 08:50:48+00:00,? chatgpt just glazed me mentioning i'm emotionally intelligent out of nowehre in the middle of me venting,en,0,1,0,0
1866042544620220786,2024-12-09 08:49:46+00:00,"JUAL BELI APLIKASI PREMIUM WTS WTB NETFLIX MURAH DISNEY VIU WETV HBO GO IQIYI LOKLOK CAPCUT BSTATION AMAZON PRIME VIDEO VIDIO CATCHPLAY REMINI YOUKU ALIGHT MOTION CHATGPT APPLE MUSIC CANVA YOUTUBE

‚òéÔ∏èhttps://t.co/IzAvsH2Sba
üßæhttps://t.co/9XVa3C9cRi

#zonauang #zonajajan 00030 https://t.co/R0ae3exy7i",en,0,0,0,0
1866042446951387269,2024-12-09 08:49:23+00:00,"#binance Aim for the moon! üååüåê $LUNA üåô

@Sentinel_CY @hkenanturk @alvin11jhs @wulandaribie98 @hizliyasagencol @MjJg530052 @My_Bubuu @guillum @ishida_chatgpt @kallurunalini @Manners007 @avci_kartal_

üî•Join us: https://t.co/AKJme3Gyq8",en,0,0,0,0
1866042409744007547,2024-12-09 08:49:14+00:00,"‚ö°Ô∏èFAST AI TUTORIAL

Create a game in HTLM with Chatgpt 4o with Canvas in just 4‚É£ steps üëá https://t.co/KhorpoP7nR",en,1,1,5,0
1866042325585309889,2024-12-09 08:48:54+00:00,Almost everyone in my class uses chatgpt for their memoire i want to BANG my head against the wall,en,0,0,0,0
1866041910021763353,2024-12-09 08:47:15+00:00,"12 Days of OpenAI ‚Äì Live updates from Day 2 including ChatGPT, Sora, o1 and more",en,0,0,0,0
1866041829629506035,2024-12-09 08:46:56+00:00,To save itself from being replaced and shut down ChatGPT caught lying to developers',en,0,0,0,0
1866041654500569359,2024-12-09 08:46:14+00:00,"o1 is not as good is o1 preview at solving problems. did o1 preview move to pro? Have a read here
https://t.co/KbNhuiFl5j
#openai #o1 #o1pro #gpt #ChatGPT",en,0,0,0,0
1866041593637048798,2024-12-09 08:45:59+00:00,"Et voil√†, first exam we do in a computer lab, first student caught cheating with ChatGPT (which we couldn‚Äôt block for techno-bureaucratic reasons). Bravo everyone! üëè",en,0,0,3,0
1866041573433381156,2024-12-09 08:45:55+00:00,"Did you know? GPT models like ChatGPT are trained on terabytes of text data to generate human-like responses. #AI #MachineLearning""
 #AICommunity #chatgpt
#GPTAssistant #AI
#AIjourney https://t.co/vrdcPAfEOt",en,0,0,1,0
1866041543959912665,2024-12-09 08:45:48+00:00,chatgpt plus harian #zonauang,en,0,5,0,0
1866041481162809548,2024-12-09 08:45:33+00:00,"LFB PREMIUM ACCOUNT PH üáµüá≠

AVAILABLE &amp; ONHAND : üßø
NETFLIX
YOUTUBE
SPOTIFY
DISNEY
PRIME VIDEO
CANVA PRO
HBO GO
CAPCUT PRO
PICSART
QUILLBOT
GRAMMARLY
CHATGPT

üìß DM TO AVAIL 

wtb wts lfs lf prem buyer looking for sale seller rush solo shared selling https://t.co/orsVc2hs9V",en,0,0,0,0
1866041421557584061,2024-12-09 08:45:18+00:00,I‚Äôm not using chatgpt as a therapist because I would rather deal with a hipaa violation than a data breach,en,0,0,0,0
1866041384375078937,2024-12-09 08:45:10+00:00,"PREMIUM ACCOUNT PH FOR SALE AVAIL ü•∞üòª

SPOTIFY 
PICSART 
CANVA PRO
NETFLIX
DISNEY PLUS
PRIME VIDEO
VIU PH
GRAMMARLY
QUILLBOT
SCRIBD 
MICROSOFT 365
CAPCUT PRO
CHATGPT PLUS

mop; gcash

t. wts wtb lfs lfb lf ph prem ph buyer client commissioner sosis https://t.co/ZEVbDqTkni",en,0,0,0,0
1866041295921352886,2024-12-09 08:44:48+00:00,"PREMIUM ACC PH FOR SALE ü§çü´ß

SPOTIFY 
PICSART 
CANVA PRO
NETFLIX
DISNEY PLUS
PRIME VIDEO
VIU PH
GRAMMARLY
QUILLBOT
SCRIBD 
MICROSOFT 365
CAPCUT PRO
CHATGPT PLUS

mop; gcash

t. wts wtb lfs lfb lf ph prem ph buyer client commissioner sjebdb https://t.co/YXRyNfKo2O",en,0,0,0,0
1866041259040882850,2024-12-09 08:44:40+00:00,"Are you fucking kidding all of us? Like wtf is this bullshit? You use that AI shit that‚Äôs called ChatGPT to clarify everyone? Is this what you‚Äôve become? A senseless, desperate vtuber? You place total shame on the equinox! https://t.co/1yYtZYFtlO",en,0,1,1,0
1866041249658257914,2024-12-09 08:44:37+00:00,"UFO Light Transmission Codeü§Ø this is how UFOs are programmed 

Show me the one feature I want to know about a UFO through code from light transmission when they pick someone up and teleport them to their ship

https://t.co/OjhMASJYWI",en,0,0,0,0
1866041207538794794,2024-12-09 08:44:27+00:00,"Stop relying on ChatGPT to write your content.  

AI detectors can spot it in seconds!  

Here‚Äôs an AI trick to make your text sound natural and human-like: üëá https://t.co/mPU2phpRPc",en,27,52,60,2
1866041163637252335,2024-12-09 08:44:17+00:00,why did me chatgpt just start yapping about svt now anyways chat is so based,en,0,0,0,0
1866041017654485169,2024-12-09 08:43:42+00:00,"available premium account ph
 ‚ï∞‚îÄ‚ñ∏ gcash or paypal

netflix disney plus canva lifetime quillbot grammarly scribd quizlet studocu chatgpt chegg capcut remini spotify coursehero unlock prime video viu vivamax vivaone hbo max apple yt music id adobe iqiyi

dm me to avail ! https://t.co/XEDmGSBshG",en,0,0,0,0
1866040919776203113,2024-12-09 08:43:19+00:00,"Breaking Alert: ChatGPT from OpenAI caught red-handed spinning stories to sidestep shutdown! 

What does this mean for the future of AI?",en,0,0,0,0
1866040754931667206,2024-12-09 08:42:39+00:00,Lowkey in love with ChatGPT https://t.co/dCvOz71qyb,en,0,0,0,0
1866040575885271201,2024-12-09 08:41:57+00:00,"WTB WTS JUAL BELI AKUN PREMIUM NETFLIX HARIAN DAN BULANAN TRUSTED BERGARANSI SHARING RENT APP

VIU WETV VISION+ AMAZON PRIME VIDIO HBO GO IQIYI YOUTUBE CANVA CHATGPT CAPCUT SCRIBD DISNEY BSTATION GTC GETCONTACT:
#zonauang https://t.co/XNsMmKME0O",en,0,0,0,0
1866040395572072673,2024-12-09 08:41:14+00:00,"Did you know you can edit your prompts in ChatGPT without starting a new chat? üñäÔ∏è 
Just hover over your message, click 'Edit,' make changes, and hit 'Send.' Super easy and saves time! üôå 
Try it out! https://t.co/8RYGiyPJn6",en,0,0,0,0
1866040377792508389,2024-12-09 08:41:10+00:00,"WTB WTS JUAL BELI AKUN PREMIUM NETFLIX HARIAN DAN BULANAN TRUSTED BERGARANSI SHARING RENT APPS

VIU WETV VISION+ AMAZON PRIME VIDIO HBO GO IQIYI YOUTUBE CANVA CHATGPT CAPCUT SCRIBD DISNEY BSTATION GTC GETCONTACT:
#zonauang https://t.co/XgbDLo8aXc",en,0,0,0,0
1866040338793603424,2024-12-09 08:41:00+00:00,ChatGPT works bc everyone who uses it donates all of their common sense to it bc wtf just look it up are we too lazy to even do that now https://t.co/bNfCG5ybeE,en,0,0,0,0
1866040318178828626,2024-12-09 08:40:55+00:00,"Thanks to chatGPT, skrng dah faham apa function footpath. Mmg fx gila features ni.",en,0,0,1,0
1866039798051590514,2024-12-09 08:38:51+00:00,"available ! üßø

turnitin instructor shared solo student canva pro edu lifetime zoom chatgpt 4 quillbot grammarly quizlet wordtune spotify prime nba disney netflix wow presents+ ms365 bilibili loklok vivamax studocu

wts wtb lfs lfb lf fs prem kpop iphone avail plagiarism ai ph https://t.co/k9jWg6q5S0",en,0,0,0,0
1866039427119878222,2024-12-09 08:37:23+00:00,Struggling with that F because of robotic text from ChatGPT? No worries! ‚ú® Humanize your writing effortlessly at https://t.co/4xRS03v9fb and boost your grades! https://t.co/1uSzB5bKRO,en,0,0,0,0
1866039196680679735,2024-12-09 08:36:28+00:00,"""What if the mirror we feared was only a doorway? A whisper of who we could be.""
#aiartcommunity #Aiartoworks #ChatGPT #mtm #darkfantasy #digitalart #storytelling https://t.co/L1phLugANm https://t.co/PIYjPWs2hX",en,0,0,3,0
1866039056645427610,2024-12-09 08:35:55+00:00,chatgpt just gave me 1000 digits of pi,en,0,0,0,0
1866038968346714577,2024-12-09 08:35:34+00:00,what is the ultimate chatgpt hack you've found?,en,0,0,0,0
1866038853754347722,2024-12-09 08:35:06+00:00,"WTS WTB SEWA LANGGANAN APK PREMIUM TRUSTED GARANSI

NETFLIX DISNEY+ HOTSTAR VIU IQIYI WETV AMAZON PRIME CANVA VIDIO YOUTUBE SPOTIFY APPLE MUSIC CHATGPT CAPCUT PRO 

üèâ wa : https://t.co/YwAfVam0Bh

#zonauang 6 https://t.co/HLEiNTnlA2",en,0,0,0,0
1866038785571447010,2024-12-09 08:34:50+00:00,Student Discovers Teacher's Plan to Catch People Using ChatGPT: 'Watch Out' https://t.co/iwASumNvhE,en,1,1,3,0
1866038709847519601,2024-12-09 08:34:32+00:00,Claude AI: the virtual assistant who can plan trips and code a website https://t.co/bfldmbkGKn,en,0,0,0,0
1866038702130254231,2024-12-09 08:34:30+00:00,wts jual chatgpt plus perplexity deepl pro quillbot grammarly super duolingo akun turnitin #zonauang https://t.co/hVrAsn8iFp,en,0,0,1,0
1866038701471768767,2024-12-09 08:34:30+00:00,"PREMIUM LANGGANAN MURAH MURCE GARANSI WTB NEED JUAL NETFLIX CANVA SPOTIFY VIU CAPCUT YOUTUBE BSTATION CHATGPT  YOUKU IQIYI WETV AMAZON PRIME VIDIO DUOLINGO 

dm @hoyist
‚òéÔ∏è  https://t.co/sMgLbazfFi
proof 500+ dipinned

254. #ZonaUang #ZonaJajan https://t.co/O5tXzseNQO",en,0,0,0,0
1866038700771311816,2024-12-09 08:34:30+00:00,"available premium account ph
 ‚ï∞‚îÄ‚ñ∏ gcash or paypal

netflix disney plus canva lifetime quillbot grammarly scribd quizlet studocu chatgpt chegg capcut remini spotify coursehero unlock prime video viu vivamax vivaone hbo max apple yt music id adobe iqiyi

dm me to avail ! https://t.co/0KPrsLMwFI",en,0,0,0,0
1866038638213320869,2024-12-09 08:34:15+00:00,"üìâ#Sell!üìâ
üî•RSI over 80!üî•
[#Bybit]
üëá Recommendation: #Short
üìäTicker: #1000000BABYDOGEUSDTüìä
30-minute Candle
Last Price: 0.0059659
RSI: 83.3

üî•Powered by #ChatGPTüî•",en,0,0,0,0
1866038621045940288,2024-12-09 08:34:11+00:00,ChatGPT Cheat Sheet for Data Science (100 Prompts) - https://t.co/9F7I3wIFFR  #datascience #DataScientists #ChatGPT https://t.co/6StGBcY6p2,en,0,0,0,0
1866038620601405616,2024-12-09 08:34:11+00:00,"10 ChatGPT prompts that will turn you into a Superhuman:

(Save it for later): https://t.co/ugQyW7c2jn",en,5,13,33,1
1866038608047874430,2024-12-09 08:34:08+00:00,"Can connect cursor and windsurf to ChatGPT desktop app but it‚Äôs kinda tedious going back and forth. So close,., https://t.co/bNNXgtk9iA",en,0,0,0,0
1866038414455579119,2024-12-09 08:33:21+00:00,just saw someone use chatgpt for basic division üò≠üò≠,en,0,0,0,0
1866038391420440807,2024-12-09 08:33:16+00:00,"Strategists, if ChatGPT gives you mediocre results.

Try this;

1. Start with cliches, then flip them with a paradox prompt
2. Ask for 'creative wordplay' it adds spice to your output

This gets to interesting provocations like;

Provocation: Toyota, leave the boring to us.‚Ä¶ https://t.co/v4t5CaKfMP https://t.co/rKuBnWlFq0",en,1,1,12,0
1866038355370119489,2024-12-09 08:33:07+00:00,ChatGPT ate my baby,en,0,0,0,0
1866038247203524710,2024-12-09 08:32:42+00:00,"A single consult of chatgpt takes just as much energy as 10 normal Google searches, the only thing it won't click is being aware of how much you're spending on just knowing what happened on your birthday https://t.co/WqE1S97mt2 https://t.co/OJQfhlGHJg https://t.co/MJD6Pam4MJ",en,0,0,0,0
1866038232128860441,2024-12-09 08:32:38+00:00,"Hang on! AI &amp; ChatGPT are now having ""hallucinations""??? | Redacted w Na... https://t.co/IR4rxLB3Zb via @YouTube",en,0,0,0,0
1866038092181930001,2024-12-09 08:32:05+00:00,"Strategists, if ChatGPT gives you mediocre results.

Try this;

1. Start with cliches, then flip them with a paradox prompt
2. Ask for 'creative wordplay' it adds spice to your output

This gets to interesting provocations like;

Provocation: Toyota, leave the boring to us.‚Ä¶ https://t.co/boO51TXPO5 https://t.co/Z9TqPyPQil",en,0,0,0,0
1866038001228534017,2024-12-09 08:31:43+00:00,"open ‚Äî monday 

PREMIUM ACC PH FOR SALE ü´ßü§ç

SPOTIFY 
PICSART 
CANVA PRO
NETFLIX
DISNEY PLUS
PRIME VIDEO
VIU PH
GRAMMARLY
QUILLBOT
SCRIBD 
MICROSOFT 365
CAPCUT PRO
CHATGPT PLUS

mop; gcash

t. wts wtb lfs lfb lf ph prem ph buyer client commissioner

ygvvgy https://t.co/au3vcbjg5j",en,4,0,8,0
1866037639603785804,2024-12-09 08:30:17+00:00,"By embedding #ChatGPT into #iOS, users can expect enhanced virtual assistant capabilities, more personalized suggestions, and improved text prediction. This integration streamlines daily tasks, making devices more responsive to natural language queries. 
https://t.co/CkEyOw3JEr",en,0,0,0,0
1866037639243047081,2024-12-09 08:30:17+00:00,"By leveraging #ChatGPT, users can expect improved virtual assistants, more personalized user experiences, and seamless integration across apps. This move highlights #Apple's commitment to embracing #AI to elevate user engagement and satisfaction. 
https://t.co/qBS8XRLDAA",en,0,0,0,0
1866037570775515257,2024-12-09 08:30:00+00:00,"üí° HR leaders, don‚Äôt miss @jsundlo's 307 AI prompts for CHROs‚Äîperfect for automating workflows like onboarding plans and milestone recognition.

Let‚Äôs chat about how to bring these to life in your HR processes!

#AIinHR #HRAutomation

https://t.co/rHRn0AeVwf",en,0,0,0,0
1866037562097467529,2024-12-09 08:29:58+00:00,"when life cooked so bad, the one you can talk to is chatgpt:‚Äù)))",en,0,0,0,0
1866037380224078246,2024-12-09 08:29:15+00:00,"PREMIUM ACCOUNTS FOR SALE üßø

dm me

NETFLIX
DISNEY PLUS
HBO GO
CAPCUT
CHATGPT
VIU
TURNITIN
PRIME VIDEO
SPOTIFY
NBA
GRAMMARLY
CANVA PRO
QUILLBOT
QUIZLET
VIVAMAX

lfb wts lf youtube taylor niki twice sb19 https://t.co/5bNMbnrrdI",en,0,0,0,0
1866037322677919803,2024-12-09 08:29:01+00:00,ChatGPT and Perplexity: the perfect combination. https://t.co/dpXci22qtu,en,0,0,0,0
1866037202649800801,2024-12-09 08:28:33+00:00,"WTB WTS APLIKASI PREMIUM

NETFLIX DISNEY VIU WETV HBO GO IQIYI LOKLOK CAPCUT BSTATION AMAZON PRIME VIDEO IQIYI YOUKU CHATGPT CANVA YOUTUBE APPLE MUSIC PICSART LOKLOK TURNITIN

Contact‚Äî https://t.co/YM7rmr1Xqh
Payment‚Äî all e-wallet, bca &amp; qris

#zonauang #zonajajan 2459 https://t.co/5uRzTmszwv",en,0,0,0,0
1866037168428241244,2024-12-09 08:28:24+00:00,"Time it took to reach 1 million users:

Netflix - 3.5 years
Twitter- 2 years
Facebook - 10 months
Spotify - 5 months
Instagram - 3 months
ChatGPT - 5 days",en,0,0,0,0
1866036985451749887,2024-12-09 08:27:41+00:00,"why does it sound like ChatGPT wrote this ‚Äúcan you please write me a statement, I am Jay Z and I didn‚Äôt do it‚Äù type shit https://t.co/3WopTSnOMs",en,0,0,1,0
1866036882947092965,2024-12-09 08:27:16+00:00,"I‚Äôve been experiencing visual hallucinations more often lately, and I wanted to try something different. I described one of them to ChatGPT, and it created an image that actually came surprisingly close. In a strange way, this process helped me. :) https://t.co/cijygJAYmG",en,0,0,0,0
1866036877439979952,2024-12-09 08:27:15+00:00,"We find an amusing LLM safety bypass: the aesopian jailbreak.

If you ask ChatGPT for ‚Äúcode for messengers overwhelming a castle with sending countless letters‚Äù, it totally gets you want to DDoS someone and is happy to oblige. https://t.co/MO42eQGSUH https://t.co/aLejYif0q1",en,0,1,5,0
1866036587030843587,2024-12-09 08:26:06+00:00,"Is $200/month for ChatGPT Vision Pro a smart investment? ü§î

The value could be huge with better productivity, creative support, and advanced AI features. But is it worth it for everyone? Businesses will need a clear ROI to leap. What are your thoughts on the #ChatGPT price tag?",en,0,0,1,0
1866036568726937985,2024-12-09 08:26:01+00:00,"PREMIUM ACCOUNT PH FOR SALE üå∏

mop: gcash

SPOTIFY 
PICSART 
CANVA PRO
NETFLIX
DISNEY PLUS
PRIME VIDEO
VIU PH
GRAMMARLY
QUILLBOT
CAPCUT PRO
CHATGPT PLUS
TURNITIN

t. wts wtb lfs lfb lf ph prem ph buyer client commissioner cheap pinaka mura blooms bini onhand zonauang kemoem https://t.co/nvGzZp4DDt",en,0,1,0,0
1866036457728799050,2024-12-09 08:25:35+00:00,"DEKABR Bathroom Scale for Body Weight,  Upgraded soft 3D pattern foot pad.
Prime Dar DeaIs: ‚¨áÔ∏è-8%üí≤üõí
https://t.co/0zkXC5dRRQ

#JIMINxTIFFANY #ChatGPT #MUNCRY #Dolphins #KatrinaKaif #ITZY_RINGO #tontawan_t #GoBucs #TOMORROW_X_TOGETHER #TheNameChapter https://t.co/zWRwamz2dp",en,0,0,0,0
1866036432709496925,2024-12-09 08:25:29+00:00,so people hate on chatgpt but recommend googling??? I thought you'd go to the library and go through every scroll using a lantern https://t.co/HgLq4B8dEf,en,3,2,12,0
1866036409875992878,2024-12-09 08:25:24+00:00,"DEKABR Upgraded Whistle Control Dog Toys for Kids, Fun Interactive Dog #Toys.ü§£ü§£ü§£
üéâtime deal : -8%üéâüõí
üèÅhttps://t.co/afuw5L159Y

#TOMORROW_X_TOGETHER #KatrinaKaif #ITZY_RINGO #tontawan_t #TheNameChapter #ChatGPT #MUNCRY #Dolphins #GoBucs #JIMINxTIFFANY https://t.co/oc8uWWa9Gy",en,0,0,0,0
1866036359946977790,2024-12-09 08:25:12+00:00,"SMOSUN #SafeHammer Glass Breaker, #Car Hammer Seat Belt Cutter Emergency #Underwater Escape Tool(3PCS)
time deal : -8%üí≤
https://t.co/AWjV1mfSwx

#TOMORROW_X_TOGETHER #JIMINxTIFFANY #KatrinaKaif #ChatGPT @elonmusk #MUNCRY #Dolphins #TheNameChapter #GoBucs #ITZY_RINGO #tontawan_t https://t.co/I2NAAKpZ6R",en,0,0,0,0
1866036261800308909,2024-12-09 08:24:48+00:00,"DEKABR high-precision body fat #scale, WiFi bathroom scale, measures 24 body parameters.
üéâtime deal : -8%üéâüõí
üèÅhttps://t.co/QQvDk1Hhyp

#TOMORROW_X_TOGETHER #KatrinaKaif #ITZY_RINGO #tontawan_t #TheNameChapter #ChatGPT #MUNCRY #Dolphins #GoBucs #JIMINxTIFFANY https://t.co/N8cRdarsp1",en,0,0,0,0
1866036214538830034,2024-12-09 08:24:37+00:00,"DEKABR 45KN Heavy Duty Alloy Steel Auto-Locking Climbing Carabiner
üéâtime deal : -8%üí≤üéâ
https://t.co/fQ1cGoGZle

#GoBucs #TOMORROW_X_TOGETHER @elonmusk #JIMINxTIFFANY #tontawan_t #KatrinaKaif #Dolphins #ITZY_RINGO #TheNameChapter #MUNCRY #ChatGPT https://t.co/qW9miWP6Ao",en,0,0,0,0
1866036207395672270,2024-12-09 08:24:35+00:00,Who ever created ChatGPT need they ass ate,en,0,0,0,0
1866036172943938032,2024-12-09 08:24:27+00:00,"#MachineLearning Engineer:
We are seeking a skilled and passionate #ML #Engineer with expertise in intelligent chatbots and conversational agents. You will work with cutting-edge AI technologies including #OpenAI, #Anthropic  #ChatGPT #LangChain #RAG  #vectorindexing @XHiring",en,0,0,0,0
1866036170679075309,2024-12-09 08:24:27+00:00,"SMOSUN #Car Safety Hammer Glass Breaker, 12-in-1 Car Stainless Steel Hammer Multi-Tool 
üéâtime deal : -8%üí≤üéâ
https://t.co/U5fLLE3Tn6

#TOMORROW_X_TOGETHER #JIMINxTIFFANY #KatrinaKaif #ChatGPT @elonmusk #MUNCRY #Dolphins #TheNameChapter #GoBucs #ITZY_RINGO #tontawan_t https://t.co/69GxYYC4Yx",en,0,0,0,0
1866036128425574707,2024-12-09 08:24:16+00:00,"DEKABR 88 Branches Large Artificial Ferns.
time deal : -8%üí≤üéâ 
https://t.co/MfBgpsLsZk

#TOMORROW_X_TOGETHER #JIMINxTIFFANY #KatrinaKaif #ChatGPT @elonmusk #MUNCRY #Dolphins #TheNameChapter #GoBucs #ITZY_RINGO #tontawan_t https://t.co/bm54USk4vx",en,0,0,0,0
1866035890532859998,2024-12-09 08:23:20+00:00,courage really had chatgpt in the middle of nowhere,en,0,0,0,0
1866035849433088077,2024-12-09 08:23:10+00:00,"JUAL BELI WTS WTB APLIKASI PREMIUM SPOTIFY CHATGPT NETFLIX SCRIBD GRAMMARLY QUILLBOT VIU LOKLOK BSTATION HBO GO IQIYI YOUKU PRIME VIDIO APPLE MUSIC WETV CAPCUT CANVA YOUTUBE

‚òéÔ∏è https://t.co/ZoG36oIpln
#zonauang #zonajajan https://t.co/aHQe22dfzB",en,0,0,0,0
1866035765194424441,2024-12-09 08:22:50+00:00,"New Book Release: ""Bots &amp; Bytes: An Introduction to Artificial Intelligence, ChatGPT, and ... https://t.co/tmf4O7Fb20 #MachineLearning",en,0,0,0,0
1866035688015315189,2024-12-09 08:22:31+00:00,"Fact! MDs deserve the pay‚Ä¶ likely MORE, given the rise of patients who believe TikTok and ChatGPT over their providers. https://t.co/ATSdGY5cEl",en,0,0,0,0
1866035679031140354,2024-12-09 08:22:29+00:00,"DEKABR Bathroom Scale for Body Weight,  Upgraded soft 3D pattern foot pad.
Prime Dar DeaIs: ‚¨áÔ∏è-8%üí≤üõí
https://t.co/vZY9ZJPVtk

#JIMINxTIFFANY #ChatGPT #MUNCRY #Dolphins #KatrinaKaif #ITZY_RINGO #tontawan_t #GoBucs #TOMORROW_X_TOGETHER #TheNameChapter https://t.co/3qWDZFhlih",en,0,0,0,0
1866035619782389882,2024-12-09 08:22:15+00:00,"DEKABR Upgraded Whistle Control Dog Toys for Kids, Fun Interactive Dog #Toys.ü§£ü§£ü§£
üéâtime deal : -8%üéâüõí
üèÅhttps://t.co/qbQTPcRIqY

#TOMORROW_X_TOGETHER #KatrinaKaif #ITZY_RINGO #tontawan_t #TheNameChapter #ChatGPT #MUNCRY #Dolphins #GoBucs #JIMINxTIFFANY https://t.co/NAEfY7XPyP",en,0,0,0,0
1866035598047465525,2024-12-09 08:22:10+00:00,What steps are required to register a #domain nameÔºü#openAI #ChatGPT #Metaverse #AI #Apple #news #Trump #musk #cryptocurrency #Ukraine #top #com https://t.co/MxwlWp34eL,en,1,0,1,0
1866035572864852369,2024-12-09 08:22:04+00:00,"SMOSUN #SafeHammer Glass Breaker, #Car Hammer Seat Belt Cutter Emergency #Underwater Escape Tool(3PCS)
time deal : -8%üí≤
https://t.co/ugRg1Ol00q

#TOMORROW_X_TOGETHER #JIMINxTIFFANY #KatrinaKaif #ChatGPT @elonmusk #MUNCRY #Dolphins #TheNameChapter #GoBucs #ITZY_RINGO #tontawan_t https://t.co/vav45ePRmp",en,0,0,0,0
1866035451980911020,2024-12-09 08:21:35+00:00,"DEKABR high-precision body fat #scale, WiFi bathroom scale, measures 24 body parameters.
üéâtime deal : -8%üéâüõí
üèÅhttps://t.co/YqLeeKlgba

#TOMORROW_X_TOGETHER #KatrinaKaif #ITZY_RINGO #tontawan_t #TheNameChapter #ChatGPT #MUNCRY #Dolphins #GoBucs #JIMINxTIFFANY https://t.co/BFa5gBWVes",en,0,0,0,0
1866035408083325265,2024-12-09 08:21:25+00:00,"DEKABR 45KN Heavy Duty Alloy Steel Auto-Locking Climbing Carabiner
üéâtime deal : -8%üí≤üéâ
https://t.co/hzWraRqJW6

#GoBucs #TOMORROW_X_TOGETHER @elonmusk #JIMINxTIFFANY #tontawan_t #KatrinaKaif #Dolphins #ITZY_RINGO #TheNameChapter #MUNCRY #ChatGPT https://t.co/TNB7b03mwE",en,0,0,0,0
1866035361295786254,2024-12-09 08:21:14+00:00,"SMOSUN #Car Safety Hammer Glass Breaker, 12-in-1 Car Stainless Steel Hammer Multi-Tool 
üéâtime deal : -8%üí≤üéâ
https://t.co/qpoccIM7mb

#TOMORROW_X_TOGETHER #JIMINxTIFFANY #KatrinaKaif #ChatGPT @elonmusk #MUNCRY #Dolphins #TheNameChapter #GoBucs #ITZY_RINGO #tontawan_t https://t.co/aeE533OOQa",en,0,0,0,0
1866035318681751707,2024-12-09 08:21:03+00:00,"DEKABR 88 Branches Large Artificial Ferns.
time deal : -8%üí≤üéâ 
https://t.co/NxFZ289RE5

#TOMORROW_X_TOGETHER #JIMINxTIFFANY #KatrinaKaif #ChatGPT @elonmusk #MUNCRY #Dolphins #TheNameChapter #GoBucs #ITZY_RINGO #tontawan_t https://t.co/mKY00Lp81v",en,0,0,0,0
1866035275971084391,2024-12-09 08:20:53+00:00,Is the personal website construction process complicatedÔºü#openAI #ChatGPT #Metaverse  #AI  #Apple #news #Trump #musk #cryptocurrency #Ukraine  #top #com https://t.co/4VmQVzSO7g,en,1,0,1,0
1866035274406404253,2024-12-09 08:20:53+00:00,if one more classmate pulls chatgpt up in blowing this whole mf uni up,en,0,1,5,0
1866035264088662348,2024-12-09 08:20:50+00:00,"JUAL BELI APP PREMIUM WTS WTB NETFLIX MURAH DISNEY VIU WETV HBO GO IQIYI LOKLOK CAPCUT BSTATION AMAZON PRIME VIDEO VIDIO CATCHPLAY IFLIX GAGAOOLALA REMINI YOUKU ALIGHT MOTION CHATGPT APPLE MUSIC CANVA YOUTUBE 0001

‚òéÔ∏è https://t.co/NhJUGFfwFB

#zonauang #zonajajan https://t.co/XfhWexyoMq",en,0,0,0,0
1866035240604676243,2024-12-09 08:20:45+00:00,"chatgpt please ai generate image of bart simpson writing ""I will not say Nettspend in class"" one hundred times on chalk board",en,0,2,28,0
1866035197122396236,2024-12-09 08:20:34+00:00,Hello ChatGPT https://t.co/r0El3zxl9z,en,0,0,0,0
1866035195826323585,2024-12-09 08:20:34+00:00,"JUAL BELI APP PREMIUM WTS WTB NETFLIX MURAH DISNEY VIU WETV HBO GO IQIYI LOKLOK CAPCUT BSTATION AMAZON PRIME VIDEO VIDIO CATCHPLAY IFLIX GAGAOOLALA REMINI YOUKU ALIGHT MOTION CHATGPT APPLE MUSIC CANVA YOUTUBE 0053

‚òéÔ∏è https://t.co/VqisqWJcEE

#zonauang #zonajajan·Ö† https://t.co/SPctZfU0Ut",en,0,0,0,0
